transaction_id,transaction_party_id,entity_id,entity_role_source,entity_role_standardized,amount_attributed_10k_cny,amount_attributed_status,ownership_acquired,ownership_acquired_status,relation_source_type,evidence_id,review_status
TRX-001282-0002-01,TRX-001282-0002-01-P01,PTY-001282-00001,投资方ID,INVESTOR,,NOT_CALCULABLE,,NOT_DISCLOSED,DISCLOSED,EVD-001282-0003-01,FINAL_APPROVED
TRX-001282-0003-01,TRX-001282-0003-01-P01,PTY-001282-00001,投资方ID,INVESTOR,,NOT_CALCULABLE,,NOT_DISCLOSED,DISCLOSED,EVD-001282-0004-01,FINAL_APPROVED
TRX-301581-0001-01,TRX-301581-0001-01-P01,PTY-301581-00001,投资方ID,INVESTOR,,NOT_CALCULABLE,,NOT_DISCLOSED,DISCLOSED,EVD-301581-0001-01,FINAL_APPROVED
TRX-301581-0002-01,TRX-301581-0002-01-P01,PTY-301581-00001,被吸收方ID,ABSORBED_PARTY,,NOT_CALCULABLE,,NOT_DISCLOSED,DISCLOSED,EVD-301581-0002-01,FINAL_APPROVED
TRX-301581-0002-01,TRX-301581-0002-01-P02,PTY-301581-00002,被吸收方ID,ABSORBED_PARTY,,NOT_CALCULABLE,,NOT_DISCLOSED,DISCLOSED,EVD-301581-0002-01,FINAL_APPROVED
TRX-301581-0002-01,TRX-301581-0002-01-P03,PTY-301581-00003,被吸收方ID,ABSORBED_PARTY,,NOT_CALCULABLE,,NOT_DISCLOSED,DISCLOSED,EVD-301581-0002-01,FINAL_APPROVED
TRX-301581-0002-01,TRX-301581-0002-01-P04,PTY-301581-00004,被吸收方ID,ABSORBED_PARTY,,NOT_CALCULABLE,,NOT_DISCLOSED,DISCLOSED,EVD-301581-0002-01,FINAL_APPROVED
TRX-301581-0002-01,TRX-301581-0002-01-P05,PTY-301581-00005,被吸收方ID,ABSORBED_PARTY,,NOT_CALCULABLE,,NOT_DISCLOSED,DISCLOSED,EVD-301581-0002-01,FINAL_APPROVED
TRX-603418-0001-01,TRX-603418-0001-01-P01,PTY-603418-00001,投资方ID,INVESTOR,,NOT_CALCULABLE,,NOT_DISCLOSED,DISCLOSED,EVD-603418-0001-01,FINAL_APPROVED
TRX-603418-0001-01,TRX-603418-0001-01-P02,PTY-603418-00002,投资方ID,INVESTOR,,NOT_CALCULABLE,,NOT_DISCLOSED,DISCLOSED,EVD-603418-0001-01,FINAL_APPROVED
TRX-603418-0004-01,TRX-603418-0004-01-P01,PTY-603418-00001,投资方ID,INVESTOR,,NOT_CALCULABLE,,NOT_DISCLOSED,DISCLOSED,EVD-603418-0005-01,FINAL_APPROVED
TRX-603418-0004-01,TRX-603418-0004-01-P02,PTY-603418-00002,投资方ID,INVESTOR,,NOT_CALCULABLE,,NOT_DISCLOSED,DISCLOSED,EVD-603418-0005-01,FINAL_APPROVED
TRX-688758-0003-01,TRX-688758-0003-01-P01,PTY-688758-00001,转让方ID,TRANSFEROR,,NOT_CALCULABLE,,NOT_DISCLOSED,DISCLOSED,EVD-688758-0003-01,FINAL_APPROVED
TRX-688758-0003-01,TRX-688758-0003-01-P02,PTY-688758-00002,投资方ID,INVESTOR,,NOT_CALCULABLE,,NOT_DISCLOSED,DISCLOSED,EVD-688758-0003-01,FINAL_APPROVED
TRX-688758-0003-02,TRX-688758-0003-02-P01,PTY-688758-00001,转让方ID,TRANSFEROR,,NOT_CALCULABLE,,NOT_DISCLOSED,DISCLOSED,EVD-688758-0003-01,FINAL_APPROVED
TRX-688758-0003-02,TRX-688758-0003-02-P02,PTY-688758-00002,投资方ID,INVESTOR,,NOT_CALCULABLE,,NOT_DISCLOSED,DISCLOSED,EVD-688758-0003-01,FINAL_APPROVED
TRX-688758-0004-01,TRX-688758-0004-01-P01,PTY-688758-00001,转让方ID,TRANSFEROR,,NOT_CALCULABLE,,NOT_DISCLOSED,DISCLOSED,EVD-688758-0004-01,FINAL_APPROVED
TRX-688758-0004-01,TRX-688758-0004-01-P02,PTY-688758-00002,受让方ID,TRANSFEREE,,NOT_CALCULABLE,,NOT_DISCLOSED,DISCLOSED,EVD-688758-0004-01,FINAL_APPROVED
TRX-688758-0005-01,TRX-688758-0005-01-P01,PTY-688758-00001,投资方ID,INVESTOR,,NOT_CALCULABLE,,NOT_DISCLOSED,DISCLOSED,EVD-688758-0005-01,FINAL_APPROVED
TRX-688758-0005-01,TRX-688758-0005-01-P02,PTY-688758-00002,投资方ID,INVESTOR,,NOT_CALCULABLE,,NOT_DISCLOSED,DISCLOSED,EVD-688758-0005-01,FINAL_APPROVED
TRX-688758-0006-01,TRX-688758-0006-01-P01,PTY-688758-00001,投资方ID,INVESTOR,,NOT_CALCULABLE,,NOT_DISCLOSED,DISCLOSED,EVD-688758-0006-01,FINAL_APPROVED
TRX-920116-0001-01,TRX-920116-0001-01-P01,PTY-920116-00001,投资方ID,INVESTOR,,NOT_CALCULABLE,,NOT_DISCLOSED,DISCLOSED,EVD-920116-0001-01,FINAL_APPROVED
TRX-920116-0001-01,TRX-920116-0001-01-P02,PTY-920116-00002,投资方ID,INVESTOR,,NOT_CALCULABLE,,NOT_DISCLOSED,DISCLOSED,EVD-920116-0001-01,FINAL_APPROVED
TRX-920116-0001-01,TRX-920116-0001-01-P03,PTY-920116-00003,投资方ID,INVESTOR,,NOT_CALCULABLE,,NOT_DISCLOSED,DISCLOSED,EVD-920116-0001-01,FINAL_APPROVED
W7-OVR-920100-2022-DI-T001,W7-OVR-920100-2022-DI-T001-P01,STD-920100-PEVC-001,Week7 accepted investor,INVESTOR,,NOT_CALCULABLE,,NOT_DISCLOSED,STANDARDIZED,,FINAL_APPROVED
W7-OVR-920100-2022-DI-T001,W7-OVR-920100-2022-DI-T001-P02,STD-920100-PEVC-002,Week7 accepted investor,INVESTOR,,NOT_CALCULABLE,,NOT_DISCLOSED,STANDARDIZED,,FINAL_APPROVED
TRX-301563-TR-LOT-001,TRX-301563-TR-LOT-001-P01,ENT-001,transferor_party_id,TRANSFEROR,,NOT_DISCLOSED,,NOT_DISCLOSED,DISCLOSED,CE-002-E02,FINAL_APPROVED
TRX-301563-TR-LOT-001,TRX-301563-TR-LOT-001-P02,ENT-003,transferee_party_id,TRANSFEREE,,NOT_DISCLOSED,,NOT_DISCLOSED,DISCLOSED,CE-002-E02,FINAL_APPROVED
TRX-301563-TR-LOT-002,TRX-301563-TR-LOT-002-P01,ENT-002,transferor_party_id,TRANSFEROR,,NOT_DISCLOSED,,NOT_DISCLOSED,DISCLOSED,CE-003-E02,FINAL_APPROVED
TRX-301563-TR-LOT-002,TRX-301563-TR-LOT-002-P02,ENT-003,transferee_party_id,TRANSFEREE,,NOT_DISCLOSED,,NOT_DISCLOSED,DISCLOSED,CE-003-E02,FINAL_APPROVED
TRX-301563-TR-LOT-003,TRX-301563-TR-LOT-003-P01,ENT-002,transferor_party_id,TRANSFEROR,,NOT_DISCLOSED,,NOT_DISCLOSED,DISCLOSED,CE-003-E02,FINAL_APPROVED
TRX-301563-TR-LOT-003,TRX-301563-TR-LOT-003-P02,ENT-004,transferee_party_id,TRANSFEREE,,NOT_DISCLOSED,,NOT_DISCLOSED,DISCLOSED,CE-003-E02,FINAL_APPROVED
TRX-301563-TR-LOT-004,TRX-301563-TR-LOT-004-P01,ENT-009,transferor_party_id,TRANSFEROR,1000,DISCLOSED_COMPLETE,,NOT_DISCLOSED,DISCLOSED,CE-009-E01,FINAL_APPROVED
TRX-301563-TR-LOT-004,TRX-301563-TR-LOT-004-P02,ENT-013,transferee_party_id,TRANSFEREE,1000,DISCLOSED_COMPLETE,,NOT_DISCLOSED,DISCLOSED,CE-009-E01,FINAL_APPROVED
TRX-301563-TR-LOT-005,TRX-301563-TR-LOT-005-P01,ENT-003,transferor_party_id,TRANSFEROR,1500,DISCLOSED_COMPLETE,,NOT_DISCLOSED,DISCLOSED,CE-010-E01,FINAL_APPROVED
TRX-301563-TR-LOT-005,TRX-301563-TR-LOT-005-P02,ENT-024,transferee_party_id,TRANSFEREE,1500,DISCLOSED_COMPLETE,,NOT_DISCLOSED,DISCLOSED,CE-010-E01,FINAL_APPROVED
TRX-301563-TR-LOT-006,TRX-301563-TR-LOT-006-P01,ENT-003,transferor_party_id,TRANSFEROR,524.9994,DISCLOSED_COMPLETE,,NOT_DISCLOSED,DISCLOSED,CE-010-E01,FINAL_APPROVED
TRX-301563-TR-LOT-006,TRX-301563-TR-LOT-006-P02,ENT-025,transferee_party_id,TRANSFEREE,524.9994,DISCLOSED_COMPLETE,,NOT_DISCLOSED,DISCLOSED,CE-010-E01,FINAL_APPROVED
TRX-301563-TR-LOT-007,TRX-301563-TR-LOT-007-P01,ENT-002,transferor_party_id,TRANSFEROR,275.006,DISCLOSED_COMPLETE,,NOT_DISCLOSED,DISCLOSED,CE-010-E01,FINAL_APPROVED
TRX-301563-TR-LOT-007,TRX-301563-TR-LOT-007-P02,ENT-025,transferee_party_id,TRANSFEREE,275.006,DISCLOSED_COMPLETE,,NOT_DISCLOSED,DISCLOSED,CE-010-E01,FINAL_APPROVED
TRX-301563-TR-LOT-008,TRX-301563-TR-LOT-008-P01,ENT-002,transferor_party_id,TRANSFEROR,1075,DISCLOSED_COMPLETE,,NOT_DISCLOSED,DISCLOSED,CE-010-E01,FINAL_APPROVED
TRX-301563-TR-LOT-008,TRX-301563-TR-LOT-008-P02,ENT-026,transferee_party_id,TRANSFEREE,1075,DISCLOSED_COMPLETE,,NOT_DISCLOSED,DISCLOSED,CE-010-E01,FINAL_APPROVED
TRX-301563-TR-LOT-009,TRX-301563-TR-LOT-009-P01,ENT-004,transferor_party_id,TRANSFEROR,40,DISCLOSED_COMPLETE,,NOT_DISCLOSED,DISCLOSED,CE-011-E01,FINAL_APPROVED
TRX-301563-TR-LOT-009,TRX-301563-TR-LOT-009-P02,ENT-020,transferee_party_id,TRANSFEREE,40,DISCLOSED_COMPLETE,,NOT_DISCLOSED,DISCLOSED,CE-011-E01,FINAL_APPROVED
TRX-301563-TR-LOT-010,TRX-301563-TR-LOT-010-P01,ENT-004,transferor_party_id,TRANSFEROR,40,DISCLOSED_COMPLETE,,NOT_DISCLOSED,DISCLOSED,CE-011-E01,FINAL_APPROVED
TRX-301563-TR-LOT-010,TRX-301563-TR-LOT-010-P02,ENT-021,transferee_party_id,TRANSFEREE,40,DISCLOSED_COMPLETE,,NOT_DISCLOSED,DISCLOSED,CE-011-E01,FINAL_APPROVED
TRX-301563-TR-LOT-011,TRX-301563-TR-LOT-011-P01,ENT-003,transferor_party_id,TRANSFEROR,2476.8,DISCLOSED_COMPLETE,,NOT_DISCLOSED,DISCLOSED,CE-013-E03,FINAL_APPROVED
TRX-301563-TR-LOT-011,TRX-301563-TR-LOT-011-P02,ENT-026,transferee_party_id,TRANSFEREE,2476.8,DISCLOSED_COMPLETE,,NOT_DISCLOSED,DISCLOSED,CE-013-E03,FINAL_APPROVED
TRX-301563-TR-LOT-012,TRX-301563-TR-LOT-012-P01,ENT-003,transferor_party_id,TRANSFEROR,2499.99,DISCLOSED_COMPLETE,,NOT_DISCLOSED,DISCLOSED,CE-013-E03,FINAL_APPROVED
TRX-301563-TR-LOT-012,TRX-301563-TR-LOT-012-P02,ENT-030,transferee_party_id,TRANSFEREE,2499.99,DISCLOSED_COMPLETE,,NOT_DISCLOSED,DISCLOSED,CE-013-E03,FINAL_APPROVED
TRX-301563-TR-LOT-013,TRX-301563-TR-LOT-013-P01,ENT-002,transferor_party_id,TRANSFEROR,600,DISCLOSED_COMPLETE,,NOT_DISCLOSED,DISCLOSED,CE-013-E03,FINAL_APPROVED
TRX-301563-TR-LOT-013,TRX-301563-TR-LOT-013-P02,ENT-031,transferee_party_id,TRANSFEREE,600,DISCLOSED_COMPLETE,,NOT_DISCLOSED,DISCLOSED,CE-013-E03,FINAL_APPROVED
TRX-301563-TR-LOT-014,TRX-301563-TR-LOT-014-P01,ENT-002,transferor_party_id,TRANSFEROR,438.6,DISCLOSED_COMPLETE,,NOT_DISCLOSED,DISCLOSED,CE-013-E03,FINAL_APPROVED
TRX-301563-TR-LOT-014,TRX-301563-TR-LOT-014-P02,ENT-032,transferee_party_id,TRANSFEREE,438.6,DISCLOSED_COMPLETE,,NOT_DISCLOSED,DISCLOSED,CE-013-E03,FINAL_APPROVED
TRX-301563-TR-LOT-015,TRX-301563-TR-LOT-015-P01,ENT-002,transferor_party_id,TRANSFEROR,438.6,DISCLOSED_COMPLETE,,NOT_DISCLOSED,DISCLOSED,CE-013-E03,FINAL_APPROVED
TRX-301563-TR-LOT-015,TRX-301563-TR-LOT-015-P02,ENT-033,transferee_party_id,TRANSFEREE,438.6,DISCLOSED_COMPLETE,,NOT_DISCLOSED,DISCLOSED,CE-013-E03,FINAL_APPROVED
TRX-301563-TR-LOT-016,TRX-301563-TR-LOT-016-P01,ENT-002,transferor_party_id,TRANSFEROR,438.6,DISCLOSED_COMPLETE,,NOT_DISCLOSED,DISCLOSED,CE-013-E03,FINAL_APPROVED
TRX-301563-TR-LOT-016,TRX-301563-TR-LOT-016-P02,ENT-034,transferee_party_id,TRANSFEREE,438.6,DISCLOSED_COMPLETE,,NOT_DISCLOSED,DISCLOSED,CE-013-E03,FINAL_APPROVED
TRX-301563-TR-LOT-017,TRX-301563-TR-LOT-017-P01,ENT-002,transferor_party_id,TRANSFEROR,200,DISCLOSED_COMPLETE,,NOT_DISCLOSED,DISCLOSED,CE-013-E03,FINAL_APPROVED
TRX-301563-TR-LOT-017,TRX-301563-TR-LOT-017-P02,ENT-035,transferee_party_id,TRANSFEREE,200,DISCLOSED_COMPLETE,,NOT_DISCLOSED,DISCLOSED,CE-013-E03,FINAL_APPROVED
TRX-301563-TR-LOT-018,TRX-301563-TR-LOT-018-P01,ENT-002,transferor_party_id,TRANSFEROR,438.6,DISCLOSED_COMPLETE,,NOT_DISCLOSED,DISCLOSED,CE-013-E03,FINAL_APPROVED
TRX-301563-TR-LOT-018,TRX-301563-TR-LOT-018-P02,ENT-036,transferee_party_id,TRANSFEREE,438.6,DISCLOSED_COMPLETE,,NOT_DISCLOSED,DISCLOSED,CE-013-E03,FINAL_APPROVED
TRX-301563-TR-LOT-019,TRX-301563-TR-LOT-019-P01,ENT-020,transferor_party_id,TRANSFEROR,258,DISCLOSED_COMPLETE,,NOT_DISCLOSED,DISCLOSED,CE-013-E03,FINAL_APPROVED
TRX-301563-TR-LOT-019,TRX-301563-TR-LOT-019-P02,ENT-036,transferee_party_id,TRANSFEREE,258,DISCLOSED_COMPLETE,,NOT_DISCLOSED,DISCLOSED,CE-013-E03,FINAL_APPROVED
TRX-301563-TR-LOT-020,TRX-301563-TR-LOT-020-P01,ENT-021,transferor_party_id,TRANSFEROR,774,DISCLOSED_COMPLETE,,NOT_DISCLOSED,DISCLOSED,CE-013-E03,FINAL_APPROVED
TRX-301563-TR-LOT-020,TRX-301563-TR-LOT-020-P02,ENT-036,transferee_party_id,TRANSFEREE,774,DISCLOSED_COMPLETE,,NOT_DISCLOSED,DISCLOSED,CE-013-E03,FINAL_APPROVED
TRX-301563-INC-001,TRX-301563-INC-001-P01,ENT-003,party_id,SUBSCRIBER,,NOT_DISCLOSED,,NOT_DISCLOSED,DISCLOSED,CE-002-E02,FINAL_APPROVED
TRX-301563-INC-001,TRX-301563-INC-001-P02,ENT-002,party_id,SUBSCRIBER,,NOT_DISCLOSED,,NOT_DISCLOSED,DISCLOSED,CE-002-E02,FINAL_APPROVED
TRX-301563-INC-002,TRX-301563-INC-002-P01,ENT-005,party_id,SUBSCRIBER,,NOT_DISCLOSED,,NOT_DISCLOSED,DISCLOSED,CE-004-E02,FINAL_APPROVED
TRX-301563-INC-002,TRX-301563-INC-002-P02,ENT-006,party_id,SUBSCRIBER,,NOT_DISCLOSED,,NOT_DISCLOSED,DISCLOSED,CE-004-E02,FINAL_APPROVED
TRX-301563-INC-002,TRX-301563-INC-002-P03,ENT-007,party_id,SUBSCRIBER,,NOT_DISCLOSED,,NOT_DISCLOSED,DISCLOSED,CE-004-E02,FINAL_APPROVED
TRX-301563-INC-003,TRX-301563-INC-003-P01,ENT-005,party_id,SUBSCRIBER,,NOT_DISCLOSED,,NOT_DISCLOSED,DISCLOSED,CE-005-E02,FINAL_APPROVED
TRX-301563-INC-003,TRX-301563-INC-003-P02,ENT-006,party_id,SUBSCRIBER,,NOT_DISCLOSED,,NOT_DISCLOSED,DISCLOSED,CE-005-E02,FINAL_APPROVED
TRX-301563-INC-003,TRX-301563-INC-003-P03,ENT-007,party_id,SUBSCRIBER,,NOT_DISCLOSED,,NOT_DISCLOSED,DISCLOSED,CE-005-E02,FINAL_APPROVED
TRX-301563-INC-005,TRX-301563-INC-005-P01,ENT-008,party_id,SUBSCRIBER,,NOT_DISCLOSED,,NOT_DISCLOSED,DISCLOSED,CE-007-E02,FINAL_APPROVED
TRX-301563-INC-005,TRX-301563-INC-005-P02,ENT-009,party_id,SUBSCRIBER,,NOT_DISCLOSED,,NOT_DISCLOSED,DISCLOSED,CE-007-E02,FINAL_APPROVED
TRX-301563-INC-005,TRX-301563-INC-005-P03,ENT-010,party_id,SUBSCRIBER,,NOT_DISCLOSED,,NOT_DISCLOSED,DISCLOSED,CE-007-E02,FINAL_APPROVED
TRX-301563-INC-005,TRX-301563-INC-005-P04,ENT-011,party_id,SUBSCRIBER,,NOT_DISCLOSED,,NOT_DISCLOSED,DISCLOSED,CE-007-E02,FINAL_APPROVED
TRX-301563-INC-005,TRX-301563-INC-005-P05,ENT-012,party_id,SUBSCRIBER,,NOT_DISCLOSED,,NOT_DISCLOSED,DISCLOSED,CE-007-E02,FINAL_APPROVED
TRX-301563-INC-005,TRX-301563-INC-005-P06,ENT-007,party_id,SUBSCRIBER,,NOT_DISCLOSED,,NOT_DISCLOSED,DISCLOSED,CE-007-E02,FINAL_APPROVED
TRX-301563-INC-006,TRX-301563-INC-006-P01,ENT-014,party_id,SUBSCRIBER,7412,DISCLOSED_COMPLETE,,NOT_DISCLOSED,DISCLOSED,CE-010-E01,FINAL_APPROVED
TRX-301563-INC-006,TRX-301563-INC-006-P02,ENT-015,party_id,SUBSCRIBER,1800,DISCLOSED_COMPLETE,,NOT_DISCLOSED,DISCLOSED,CE-010-E01,FINAL_APPROVED
TRX-301563-INC-006,TRX-301563-INC-006-P03,ENT-016,party_id,SUBSCRIBER,1584,DISCLOSED_COMPLETE,,NOT_DISCLOSED,DISCLOSED,CE-010-E01,FINAL_APPROVED
TRX-301563-INC-006,TRX-301563-INC-006-P04,ENT-017,party_id,SUBSCRIBER,204,DISCLOSED_COMPLETE,,NOT_DISCLOSED,DISCLOSED,CE-010-E01,FINAL_APPROVED
TRX-301563-INC-006,TRX-301563-INC-006-P05,ENT-018,party_id,SUBSCRIBER,3000,DISCLOSED_COMPLETE,,NOT_DISCLOSED,DISCLOSED,CE-010-E01,FINAL_APPROVED
TRX-301563-INC-006,TRX-301563-INC-006-P06,ENT-019,party_id,SUBSCRIBER,1000,DISCLOSED_COMPLETE,,NOT_DISCLOSED,DISCLOSED,CE-010-E01,FINAL_APPROVED
TRX-301563-INC-007,TRX-301563-INC-007-P01,ENT-020,party_id,SUBSCRIBER,20,DISCLOSED_COMPLETE,,NOT_DISCLOSED,DISCLOSED,CE-010-E02,FINAL_APPROVED
TRX-301563-INC-007,TRX-301563-INC-007-P02,ENT-021,party_id,SUBSCRIBER,20,DISCLOSED_COMPLETE,,NOT_DISCLOSED,DISCLOSED,CE-010-E02,FINAL_APPROVED
TRX-301563-INC-007,TRX-301563-INC-007-P03,ENT-022,party_id,SUBSCRIBER,20,DISCLOSED_COMPLETE,,NOT_DISCLOSED,DISCLOSED,CE-010-E02,FINAL_APPROVED
TRX-301563-INC-007,TRX-301563-INC-007-P04,ENT-023,party_id,SUBSCRIBER,60,DISCLOSED_COMPLETE,,NOT_DISCLOSED,DISCLOSED,CE-010-E02,FINAL_APPROVED
TRX-301563-INC-008,TRX-301563-INC-008-P01,ENT-027,party_id,SUBSCRIBER,5000,DISCLOSED_COMPLETE,,NOT_DISCLOSED,DISCLOSED,CE-012-E01,FINAL_APPROVED
TRX-301563-INC-009,TRX-301563-INC-009-P01,ENT-028,party_id,SUBSCRIBER,5000,DISCLOSED_COMPLETE,,NOT_DISCLOSED,DISCLOSED,CE-013-E01,FINAL_APPROVED
TRX-301563-INC-009,TRX-301563-INC-009-P02,ENT-029,party_id,SUBSCRIBER,2000,DISCLOSED_COMPLETE,,NOT_DISCLOSED,DISCLOSED,CE-013-E01,FINAL_APPROVED
TRX-301606-0001,TP-301606-0001,STD-301606-ZQS,FOUNDER,FOUNDER,,NOT_APPLICABLE,0.7,DISCLOSED_COMPLETE,DISCLOSED,EVD-301606-0001,FINAL_APPROVED
TRX-301606-0001,TP-301606-0002,STD-301606-CJL,FOUNDER,FOUNDER,,NOT_APPLICABLE,0.3,DISCLOSED_COMPLETE,DISCLOSED,EVD-301606-0001,FINAL_APPROVED
TRX-301606-0002,TP-301606-0003,STD-301606-ZQS,INVESTOR,INVESTOR,630,DISCLOSED_COMPLETE,,NOT_APPLICABLE,DISCLOSED,EVD-301606-0002,FINAL_APPROVED
TRX-301606-0002,TP-301606-0004,STD-301606-CJL,INVESTOR,INVESTOR,270,DISCLOSED_COMPLETE,,NOT_APPLICABLE,DISCLOSED,EVD-301606-0002,FINAL_APPROVED
TRX-301606-0003,TP-301606-0005,STD-301606-ZQS,INVESTOR,INVESTOR,67.278799,DISCLOSED_COMPLETE,,NOT_APPLICABLE,DISCLOSED,EVD-301606-0003,FINAL_APPROVED
TRX-301606-0003,TP-301606-0006,STD-301606-LVLIANZIXUN,INVESTOR,INVESTOR,203.2912,DISCLOSED_COMPLETE,0.16,DISCLOSED_COMPLETE,DISCLOSED,EVD-301606-0003,FINAL_APPROVED
TRX-301606-0004,TP-301606-0007,STD-301606-LVLIANHESHUN,INVESTOR,INVESTOR,1000,DISCLOSED_COMPLETE,0.05,DISCLOSED_COMPLETE,DISCLOSED,EVD-301606-0004,FINAL_APPROVED
TRX-301606-0005,TP-301606-0008,STD-301606-ZQS,TRANSFEROR,TRANSFEROR,,NOT_APPLICABLE,,NOT_APPLICABLE,DISCLOSED,EVD-301606-0005,FINAL_APPROVED
TRX-301606-0005,TP-301606-0009,STD-301606-GAOLING,TRANSFEREE,TRANSFEREE,20000,DISCLOSED_COMPLETE,0.037028,DISCLOSED_COMPLETE,DISCLOSED,EVD-301606-0005,FINAL_APPROVED
TRX-301606-0006,TP-301606-0010,STD-301606-CJL,TRANSFEROR,TRANSFEROR,,NOT_APPLICABLE,,NOT_APPLICABLE,DISCLOSED,EVD-301606-0005,FINAL_APPROVED
TRX-301606-0006,TP-301606-0011,STD-301606-GAOLING,TRANSFEREE,TRANSFEREE,10000,DISCLOSED_COMPLETE,0.018528,DISCLOSED_COMPLETE,DISCLOSED,EVD-301606-0005,FINAL_APPROVED
TRX-301606-0008,TP-301606-0012,STD-301606-HS2,INVESTOR,INVESTOR,,NOT_CALCULABLE,0.00398,DISCLOSED_COMPLETE,DISCLOSED,EVD-301606-0007,FINAL_APPROVED
TRX-301606-0008,TP-301606-0013,STD-301606-HS3,INVESTOR,INVESTOR,,NOT_CALCULABLE,0.00452,DISCLOSED_COMPLETE,DISCLOSED,EVD-301606-0007,FINAL_APPROVED
TRX-301606-0008,TP-301606-0014,STD-301606-HS4,INVESTOR,INVESTOR,,NOT_CALCULABLE,0.00486,DISCLOSED_COMPLETE,DISCLOSED,EVD-301606-0007,FINAL_APPROVED
TRX-301606-0009,TP-301606-0015,STD-301606-GAOLING,INVESTOR,INVESTOR,25000,DISCLOSED_COMPLETE,0.09374,DISCLOSED_COMPLETE,DISCLOSED,EVD-301606-0008,FINAL_APPROVED
TRX-301606-0009,TP-301606-0016,STD-301606-SHENZHENSHIHENG,INVESTOR,INVESTOR,2000,DISCLOSED_COMPLETE,0.003333,DISCLOSED_COMPLETE,DISCLOSED,EVD-301606-0008,FINAL_APPROVED
TRX-301606-0009,TP-301606-0017,STD-301606-YUANDA,INVESTOR,INVESTOR,1500,DISCLOSED_COMPLETE,0.0025,DISCLOSED_COMPLETE,DISCLOSED,EVD-301606-0008,FINAL_APPROVED
TRX-301606-0009,TP-301606-0018,STD-301606-JIANGUO,INVESTOR,INVESTOR,1500,DISCLOSED_COMPLETE,0.0025,DISCLOSED_COMPLETE,DISCLOSED,EVD-301606-0008,FINAL_APPROVED
TRX-688726-0001,TP-688726-0001,STD-688726-067,FOUNDER,FOUNDER,,NOT_APPLICABLE,0.4,DISCLOSED_COMPLETE,DISCLOSED,EVD-688726-0000,FINAL_APPROVED
TRX-688726-0001,TP-688726-0002,STD-688726-002,FOUNDER,FOUNDER,,NOT_APPLICABLE,0.4,DISCLOSED_COMPLETE,DISCLOSED,EVD-688726-0000,FINAL_APPROVED
TRX-688726-0001,TP-688726-0003,STD-688726-009,FOUNDER,FOUNDER,,NOT_APPLICABLE,0.2,DISCLOSED_COMPLETE,DISCLOSED,EVD-688726-0000,FINAL_APPROVED
TRX-688726-0002,TP-688726-0004,STD-688726-065,INVESTOR,INVESTOR,5000.0,DISCLOSED_COMPLETE,0.34999999385295,DISCLOSED_COMPLETE,DISCLOSED,EVD-688726-0001,FINAL_APPROVED
TRX-688726-0003,TP-688726-0005,STD-688726-068,TRANSFEROR,TRANSFEROR,,NOT_APPLICABLE,,NOT_APPLICABLE,DISCLOSED,EVD-688726-0002,FINAL_APPROVED
TRX-688726-0003,TP-688726-0006,STD-688726-019,TRANSFEREE,TRANSFEREE,500,DISCLOSED_COMPLETE,0.0162,DISCLOSED_COMPLETE,DISCLOSED,EVD-688726-0002,FINAL_APPROVED
TRX-688726-0004,TP-688726-0007,STD-688726-021,INVESTOR,INVESTOR,150,DISCLOSED_COMPLETE,0.004918041707621796,DISCLOSED_COMPLETE,DISCLOSED,EVD-688726-0003,FINAL_APPROVED
TRX-688726-0004,TP-688726-0008,STD-688726-029,INVESTOR,INVESTOR,135,DISCLOSED_COMPLETE,0.004426277845372916,DISCLOSED_COMPLETE,DISCLOSED,EVD-688726-0003,FINAL_APPROVED
TRX-688726-0004,TP-688726-0009,STD-688726-041,INVESTOR,INVESTOR,135,DISCLOSED_COMPLETE,0.004426277845372916,DISCLOSED_COMPLETE,DISCLOSED,EVD-688726-0003,FINAL_APPROVED
TRX-688726-0004,TP-688726-0010,STD-688726-066,INVESTOR,INVESTOR,105,DISCLOSED_COMPLETE,0.003442649349591907,DISCLOSED_COMPLETE,DISCLOSED,EVD-688726-0003,FINAL_APPROVED
TRX-688726-0004,TP-688726-0011,STD-688726-063,INVESTOR,INVESTOR,240,DISCLOSED_COMPLETE,0.007868826423681575,DISCLOSED_COMPLETE,DISCLOSED,EVD-688726-0003,FINAL_APPROVED
TRX-688726-0004,TP-688726-0012,STD-688726-064,INVESTOR,INVESTOR,180,DISCLOSED_COMPLETE,0.0059016702034028045,DISCLOSED_COMPLETE,DISCLOSED,EVD-688726-0003,FINAL_APPROVED
TRX-688726-0004,TP-688726-0013,STD-688726-062,INVESTOR,INVESTOR,105,DISCLOSED_COMPLETE,0.003442649349591907,DISCLOSED_COMPLETE,DISCLOSED,EVD-688726-0003,FINAL_APPROVED
TRX-688726-0004,TP-688726-0014,STD-688726-027,INVESTOR,INVESTOR,105,DISCLOSED_COMPLETE,0.003442649349591907,DISCLOSED_COMPLETE,DISCLOSED,EVD-688726-0003,FINAL_APPROVED
TRX-688726-0004,TP-688726-0015,STD-688726-025,INVESTOR,INVESTOR,60,DISCLOSED_COMPLETE,0.0019672569915620175,DISCLOSED_COMPLETE,DISCLOSED,EVD-688726-0003,FINAL_APPROVED
TRX-688726-0004,TP-688726-0016,STD-688726-031,INVESTOR,INVESTOR,153,DISCLOSED_COMPLETE,0.0050163944800715714,DISCLOSED_COMPLETE,DISCLOSED,EVD-688726-0003,FINAL_APPROVED
TRX-688726-0004,TP-688726-0017,STD-688726-057,INVESTOR,INVESTOR,1800,DISCLOSED_COMPLETE,0.0590163997201783,DISCLOSED_COMPLETE,DISCLOSED,EVD-688726-0003,FINAL_APPROVED
TRX-688726-0004,TP-688726-0018,STD-688726-018,INVESTOR,INVESTOR,2000,DISCLOSED_COMPLETE,0.06557378866367403,DISCLOSED_COMPLETE,DISCLOSED,EVD-688726-0003,FINAL_APPROVED
TRX-688726-0004,TP-688726-0019,STD-688726-010,INVESTOR,INVESTOR,332,DISCLOSED_COMPLETE,0.01088521324513562,DISCLOSED_COMPLETE,DISCLOSED,EVD-688726-0003,FINAL_APPROVED
TRX-688726-0005,TP-688726-0020,STD-688726-006,INVESTOR,INVESTOR,677.9533,DISCLOSED_COMPLETE,0.05002961617599164,DISCLOSED_COMPLETE,DISCLOSED,EVD-688726-0004,FINAL_APPROVED
TRX-688726-0005,TP-688726-0021,STD-688726-055,INVESTOR,INVESTOR,338.5753,DISCLOSED_COMPLETE,0.024985151099634874,DISCLOSED_COMPLETE,DISCLOSED,EVD-688726-0004,FINAL_APPROVED
TRX-688726-0005,TP-688726-0022,STD-688726-058,INVESTOR,INVESTOR,338.576,DISCLOSED_COMPLETE,0.024985241793788884,DISCLOSED_COMPLETE,DISCLOSED,EVD-688726-0004,FINAL_APPROVED
TRX-688726-0006,TP-688726-0023,STD-688726-063,TRANSFEROR,TRANSFEROR,,NOT_APPLICABLE,,NOT_APPLICABLE,DISCLOSED,EVD-688726-0005,FINAL_APPROVED
TRX-688726-0006,TP-688726-0024,STD-688726-064,TRANSFEREE,TRANSFEREE,240,DISCLOSED_COMPLETE,0.0071,DISCLOSED_COMPLETE,DISCLOSED,EVD-688726-0005,FINAL_APPROVED
TRX-688726-0007,TP-688726-0025,STD-688726-029,TRANSFEROR,TRANSFEROR,,NOT_APPLICABLE,,NOT_APPLICABLE,DISCLOSED,EVD-688726-0005,FINAL_APPROVED
TRX-688726-0007,TP-688726-0026,STD-688726-064,TRANSFEREE,TRANSFEREE,135,DISCLOSED_COMPLETE,0.004,DISCLOSED_COMPLETE,DISCLOSED,EVD-688726-0005,FINAL_APPROVED
TRX-688726-0008,TP-688726-0027,STD-688726-041,TRANSFEROR,TRANSFEROR,,NOT_APPLICABLE,,NOT_APPLICABLE,DISCLOSED,EVD-688726-0005,FINAL_APPROVED
TRX-688726-0008,TP-688726-0028,STD-688726-064,TRANSFEREE,TRANSFEREE,135,DISCLOSED_COMPLETE,0.004,DISCLOSED_COMPLETE,DISCLOSED,EVD-688726-0005,FINAL_APPROVED
TRX-688726-0009,TP-688726-0029,STD-688726-062,TRANSFEROR,TRANSFEROR,,NOT_APPLICABLE,,NOT_APPLICABLE,DISCLOSED,EVD-688726-0005,FINAL_APPROVED
TRX-688726-0009,TP-688726-0030,STD-688726-064,TRANSFEREE,TRANSFEREE,105,DISCLOSED_COMPLETE,0.0031,DISCLOSED_COMPLETE,DISCLOSED,EVD-688726-0005,FINAL_APPROVED
TRX-688726-0010,TP-688726-0031,STD-688726-027,TRANSFEROR,TRANSFEROR,,NOT_APPLICABLE,,NOT_APPLICABLE,DISCLOSED,EVD-688726-0005,FINAL_APPROVED
TRX-688726-0010,TP-688726-0032,STD-688726-064,TRANSFEREE,TRANSFEREE,105,DISCLOSED_COMPLETE,0.0031,DISCLOSED_COMPLETE,DISCLOSED,EVD-688726-0005,FINAL_APPROVED
TRX-688726-0011,TP-688726-0033,STD-688726-010,TRANSFEROR,TRANSFEROR,,NOT_APPLICABLE,,NOT_APPLICABLE,DISCLOSED,EVD-688726-0005,FINAL_APPROVED
TRX-688726-0011,TP-688726-0034,STD-688726-059,TRANSFEREE,TRANSFEREE,432,DISCLOSED_COMPLETE,0.0127,DISCLOSED_COMPLETE,DISCLOSED,EVD-688726-0005,FINAL_APPROVED
TRX-688726-0012,TP-688726-0035,STD-688726-040,INVESTOR,INVESTOR,5000,DISCLOSED_COMPLETE,0.023474198194185145,DISCLOSED_COMPLETE,DISCLOSED,EVD-688726-0006,FINAL_APPROVED
TRX-688726-0012,TP-688726-0036,STD-688726-045,INVESTOR,INVESTOR,5000,DISCLOSED_COMPLETE,0.023474198194185145,DISCLOSED_COMPLETE,DISCLOSED,EVD-688726-0006,FINAL_APPROVED
TRX-688726-0012,TP-688726-0037,STD-688726-008,INVESTOR,INVESTOR,5000,DISCLOSED_COMPLETE,0.023474198194185145,DISCLOSED_COMPLETE,DISCLOSED,EVD-688726-0006,FINAL_APPROVED
TRX-688726-0012,TP-688726-0038,STD-688726-050,INVESTOR,INVESTOR,4078,DISCLOSED_COMPLETE,0.01914555849975133,DISCLOSED_COMPLETE,DISCLOSED,EVD-688726-0006,FINAL_APPROVED
TRX-688726-0012,TP-688726-0039,STD-688726-061,INVESTOR,INVESTOR,6000,DISCLOSED_COMPLETE,0.028169037833022173,DISCLOSED_COMPLETE,DISCLOSED,EVD-688726-0006,FINAL_APPROVED
TRX-688726-0012,TP-688726-0040,STD-688726-016,INVESTOR,INVESTOR,222,DISCLOSED_COMPLETE,0.0010422672758349347,DISCLOSED_COMPLETE,DISCLOSED,EVD-688726-0006,FINAL_APPROVED
TRX-688726-0012,TP-688726-0041,STD-688726-074,INVESTOR,INVESTOR,2000,DISCLOSED_COMPLETE,0.009389679277674059,DISCLOSED_COMPLETE,DISCLOSED,EVD-688726-0006,FINAL_APPROVED
TRX-688726-0012,TP-688726-0042,STD-688726-075,INVESTOR,INVESTOR,2400,DISCLOSED_COMPLETE,0.011267584476034789,DISCLOSED_COMPLETE,DISCLOSED,EVD-688726-0006,FINAL_APPROVED
TRX-688726-0012,TP-688726-0043,STD-688726-033,INVESTOR,INVESTOR,600,DISCLOSED_COMPLETE,0.0028169344404762988,DISCLOSED_COMPLETE,DISCLOSED,EVD-688726-0006,FINAL_APPROVED
TRX-688726-0012,TP-688726-0044,STD-688726-014,INVESTOR,INVESTOR,1200,DISCLOSED_COMPLETE,0.005633792238017394,DISCLOSED_COMPLETE,DISCLOSED,EVD-688726-0006,FINAL_APPROVED
TRX-688726-0012,TP-688726-0045,STD-688726-026,INVESTOR,INVESTOR,1500,DISCLOSED_COMPLETE,0.007042259458255543,DISCLOSED_COMPLETE,DISCLOSED,EVD-688726-0006,FINAL_APPROVED
TRX-688726-0013,TP-688726-0046,STD-688726-068,TRANSFEROR,TRANSFEROR,,NOT_APPLICABLE,,NOT_APPLICABLE,DISCLOSED,EVD-688726-0007,FINAL_APPROVED
TRX-688726-0013,TP-688726-0047,STD-688726-018,TRANSFEREE,TRANSFEREE,2000,DISCLOSED_COMPLETE,0.0094,DISCLOSED_COMPLETE,DISCLOSED,EVD-688726-0007,FINAL_APPROVED
TRX-688726-0014,TP-688726-0048,STD-688726-043,TRANSFEROR,TRANSFEROR,,NOT_APPLICABLE,,NOT_APPLICABLE,DISCLOSED,EVD-688726-0007,FINAL_APPROVED
TRX-688726-0014,TP-688726-0049,STD-688726-072,TRANSFEREE,TRANSFEREE,800,DISCLOSED_COMPLETE,0.0038,DISCLOSED_COMPLETE,DISCLOSED,EVD-688726-0007,FINAL_APPROVED
TRX-688726-0015,TP-688726-0050,STD-688726-024,TRANSFEROR,TRANSFEROR,,NOT_APPLICABLE,,NOT_APPLICABLE,DISCLOSED,EVD-688726-0007,FINAL_APPROVED
TRX-688726-0015,TP-688726-0051,STD-688726-037,TRANSFEREE,TRANSFEREE,600,DISCLOSED_COMPLETE,0.0028,DISCLOSED_COMPLETE,DISCLOSED,EVD-688726-0007,FINAL_APPROVED
TRX-688726-0016,TP-688726-0052,STD-688726-010,TRANSFEROR,TRANSFEROR,,NOT_APPLICABLE,,NOT_APPLICABLE,DISCLOSED,EVD-688726-0007,FINAL_APPROVED
TRX-688726-0016,TP-688726-0053,STD-688726-050,TRANSFEREE,TRANSFEREE,1100,DISCLOSED_COMPLETE,0.0052,DISCLOSED_COMPLETE,DISCLOSED,EVD-688726-0007,FINAL_APPROVED
TRX-688726-0017,TP-688726-0054,STD-688726-010,TRANSFEROR,TRANSFEROR,,NOT_APPLICABLE,,NOT_APPLICABLE,DISCLOSED,EVD-688726-0008,FINAL_APPROVED
TRX-688726-0017,TP-688726-0055,STD-688726-022,TRANSFEREE,TRANSFEREE,0.0001,DISCLOSED_COMPLETE,0.0069,DISCLOSED_COMPLETE,DISCLOSED,EVD-688726-0008,FINAL_APPROVED
TRX-688726-0018,TP-688726-0056,STD-688726-068,TRANSFEROR,TRANSFEROR,,NOT_APPLICABLE,,NOT_APPLICABLE,DISCLOSED,EVD-688726-0008,FINAL_APPROVED
TRX-688726-0018,TP-688726-0057,STD-688726-022,TRANSFEREE,TRANSFEREE,0.0001,DISCLOSED_COMPLETE,0.0031,DISCLOSED_COMPLETE,DISCLOSED,EVD-688726-0008,FINAL_APPROVED
TRX-688726-0019,TP-688726-0058,STD-688726-003,INVESTOR,INVESTOR,3200,DISCLOSED_COMPLETE,0.014159288839191715,DISCLOSED_COMPLETE,DISCLOSED,EVD-688726-0009,FINAL_APPROVED
TRX-688726-0019,TP-688726-0059,STD-688726-030,INVESTOR,INVESTOR,3300,DISCLOSED_COMPLETE,0.01460179596058754,DISCLOSED_COMPLETE,DISCLOSED,EVD-688726-0009,FINAL_APPROVED
TRX-688726-0019,TP-688726-0060,STD-688726-043,INVESTOR,INVESTOR,3500,DISCLOSED_COMPLETE,0.015486737969111906,DISCLOSED_COMPLETE,DISCLOSED,EVD-688726-0009,FINAL_APPROVED
TRX-688726-0019,TP-688726-0061,STD-688726-007,INVESTOR,INVESTOR,3000,DISCLOSED_COMPLETE,0.013274346830667349,DISCLOSED_COMPLETE,DISCLOSED,EVD-688726-0009,FINAL_APPROVED
TRX-688726-0020,TP-688726-0062,STD-688726-026,TRANSFEROR,TRANSFEROR,,NOT_APPLICABLE,,NOT_APPLICABLE,DISCLOSED,EVD-688726-0010,FINAL_APPROVED
TRX-688726-0020,TP-688726-0063,STD-688726-028,TRANSFEREE,TRANSFEREE,1500,DISCLOSED_COMPLETE,0.0066,DISCLOSED_COMPLETE,DISCLOSED,EVD-688726-0010,FINAL_APPROVED
TRX-688726-0021,TP-688726-0064,STD-688726-003,TRANSFEROR,TRANSFEROR,,NOT_APPLICABLE,,NOT_APPLICABLE,DISCLOSED,EVD-688726-0010,FINAL_APPROVED
TRX-688726-0021,TP-688726-0065,STD-688726-004,TRANSFEREE,TRANSFEREE,3200,DISCLOSED_COMPLETE,0.0142,DISCLOSED_COMPLETE,DISCLOSED,EVD-688726-0010,FINAL_APPROVED
TRX-688726-0022,TP-688726-0066,STD-688726-030,TRANSFEROR,TRANSFEROR,,NOT_APPLICABLE,,NOT_APPLICABLE,DISCLOSED,EVD-688726-0010,FINAL_APPROVED
TRX-688726-0022,TP-688726-0067,STD-688726-004,TRANSFEREE,TRANSFEREE,3300,DISCLOSED_COMPLETE,0.0146,DISCLOSED_COMPLETE,DISCLOSED,EVD-688726-0010,FINAL_APPROVED
TRX-688726-0023,TP-688726-0068,STD-688726-068,TRANSFEROR,TRANSFEROR,,NOT_APPLICABLE,,NOT_APPLICABLE,DISCLOSED,EVD-688726-0011,FINAL_APPROVED
TRX-688726-0023,TP-688726-0069,STD-688726-051,TRANSFEREE,TRANSFEREE,1000,DISCLOSED_COMPLETE,0.0044,DISCLOSED_COMPLETE,DISCLOSED,EVD-688726-0011,FINAL_APPROVED
TRX-688726-0024,TP-688726-0070,STD-688726-068,TRANSFEROR,TRANSFEROR,,NOT_APPLICABLE,,NOT_APPLICABLE,DISCLOSED,EVD-688726-0011,FINAL_APPROVED
TRX-688726-0024,TP-688726-0071,STD-688726-069,TRANSFEREE,TRANSFEREE,1300,DISCLOSED_COMPLETE,0.0058,DISCLOSED_COMPLETE,DISCLOSED,EVD-688726-0011,FINAL_APPROVED
TRX-688726-0025,TP-688726-0072,STD-688726-064,TRANSFEROR,TRANSFEROR,,NOT_APPLICABLE,,NOT_APPLICABLE,DISCLOSED,EVD-688726-0012,FINAL_APPROVED
TRX-688726-0025,TP-688726-0073,STD-688726-062,TRANSFEREE,TRANSFEREE,105,DISCLOSED_COMPLETE,0.0025,DISCLOSED_COMPLETE,DISCLOSED,EVD-688726-0012,FINAL_APPROVED
TRX-688726-0026,TP-688726-0074,STD-688726-064,TRANSFEROR,TRANSFEROR,,NOT_APPLICABLE,,NOT_APPLICABLE,DISCLOSED,EVD-688726-0012,FINAL_APPROVED
TRX-688726-0026,TP-688726-0075,STD-688726-029,TRANSFEREE,TRANSFEREE,105,DISCLOSED_COMPLETE,0.0025,DISCLOSED_COMPLETE,DISCLOSED,EVD-688726-0012,FINAL_APPROVED
TRX-688726-0027,TP-688726-0076,STD-688726-064,TRANSFEROR,TRANSFEROR,,NOT_APPLICABLE,,NOT_APPLICABLE,DISCLOSED,EVD-688726-0012,FINAL_APPROVED
TRX-688726-0027,TP-688726-0077,STD-688726-027,TRANSFEREE,TRANSFEREE,105,DISCLOSED_COMPLETE,0.0025,DISCLOSED_COMPLETE,DISCLOSED,EVD-688726-0012,FINAL_APPROVED
TRX-688726-0028,TP-688726-0078,STD-688726-064,TRANSFEROR,TRANSFEROR,,NOT_APPLICABLE,,NOT_APPLICABLE,DISCLOSED,EVD-688726-0012,FINAL_APPROVED
TRX-688726-0028,TP-688726-0079,STD-688726-063,TRANSFEREE,TRANSFEREE,90,DISCLOSED_COMPLETE,0.0021,DISCLOSED_COMPLETE,DISCLOSED,EVD-688726-0012,FINAL_APPROVED
TRX-688726-0029,TP-688726-0080,STD-688726-064,TRANSFEROR,TRANSFEROR,,NOT_APPLICABLE,,NOT_APPLICABLE,DISCLOSED,EVD-688726-0012,FINAL_APPROVED
TRX-688726-0029,TP-688726-0081,STD-688726-047,TRANSFEREE,TRANSFEREE,315,DISCLOSED_COMPLETE,0.0074,DISCLOSED_COMPLETE,DISCLOSED,EVD-688726-0012,FINAL_APPROVED
TRX-688726-0030,TP-688726-0082,STD-688726-059,TRANSFEROR,TRANSFEROR,,NOT_APPLICABLE,,NOT_APPLICABLE,DISCLOSED,EVD-688726-0012,FINAL_APPROVED
TRX-688726-0030,TP-688726-0083,STD-688726-005,TRANSFEREE,TRANSFEREE,432,DISCLOSED_COMPLETE,0.0101,DISCLOSED_COMPLETE,DISCLOSED,EVD-688726-0012,FINAL_APPROVED
TRX-688726-0031,TP-688726-0084,STD-688726-034,INVESTOR,INVESTOR,1000,DISCLOSED_COMPLETE,0.004405289828531271,DISCLOSED_COMPLETE,DISCLOSED,EVD-688726-0012,FINAL_APPROVED
TRX-688726-0032,TP-688726-0085,STD-688726-032,INVESTOR,INVESTOR,5100,DISCLOSED_COMPLETE,0.009968723684694201,DISCLOSED_COMPLETE,DISCLOSED,EVD-688726-0013,FINAL_APPROVED
TRX-688726-0032,TP-688726-0086,STD-688726-071,INVESTOR,INVESTOR,3800,DISCLOSED_COMPLETE,0.007427694386843578,DISCLOSED_COMPLETE,DISCLOSED,EVD-688726-0013,FINAL_APPROVED
TRX-688726-0032,TP-688726-0087,STD-688726-076,INVESTOR,INVESTOR,1500,DISCLOSED_COMPLETE,0.0029319568821353334,DISCLOSED_COMPLETE,DISCLOSED,EVD-688726-0013,FINAL_APPROVED
TRX-688726-0032,TP-688726-0088,STD-688726-075,INVESTOR,INVESTOR,1200,DISCLOSED_COMPLETE,0.002345565505708267,DISCLOSED_COMPLETE,DISCLOSED,EVD-688726-0013,FINAL_APPROVED
TRX-688726-0033,TP-688726-0089,STD-688726-015,INVESTOR,INVESTOR,8000,DISCLOSED_COMPLETE,0.015165902493285222,DISCLOSED_COMPLETE,DISCLOSED,EVD-688726-0014,FINAL_APPROVED
TRX-688726-0033,TP-688726-0090,STD-688726-049,INVESTOR,INVESTOR,2900,DISCLOSED_COMPLETE,0.005497658399706282,DISCLOSED_COMPLETE,DISCLOSED,EVD-688726-0014,FINAL_APPROVED
TRX-688726-0033,TP-688726-0091,STD-688726-048,INVESTOR,INVESTOR,5000,DISCLOSED_COMPLETE,0.009478672016584727,DISCLOSED_COMPLETE,DISCLOSED,EVD-688726-0014,FINAL_APPROVED
TRX-688726-0034,TP-688726-0092,STD-688726-010,TRANSFEROR,TRANSFEROR,,NOT_APPLICABLE,,NOT_APPLICABLE,DISCLOSED,EVD-688726-0015,FINAL_APPROVED
TRX-688726-0034,TP-688726-0093,STD-688726-001,TRANSFEREE,TRANSFEREE,5000,DISCLOSED_COMPLETE,0.0095,DISCLOSED_COMPLETE,DISCLOSED,EVD-688726-0015,FINAL_APPROVED
TRX-688726-0035,TP-688726-0094,STD-688726-010,TRANSFEROR,TRANSFEROR,,NOT_APPLICABLE,,NOT_APPLICABLE,DISCLOSED,EVD-688726-0015,FINAL_APPROVED
TRX-688726-0035,TP-688726-0095,STD-688726-012,TRANSFEREE,TRANSFEREE,3782.1009,DISCLOSED_COMPLETE,0.0072,DISCLOSED_COMPLETE,DISCLOSED,EVD-688726-0015,FINAL_APPROVED
TRX-688726-0036,TP-688726-0096,STD-688726-023,TRANSFEROR,TRANSFEROR,,NOT_APPLICABLE,,NOT_APPLICABLE,DISCLOSED,EVD-688726-0015,FINAL_APPROVED
TRX-688726-0036,TP-688726-0097,STD-688726-012,TRANSFEREE,TRANSFEREE,2000,DISCLOSED_COMPLETE,0.0038,DISCLOSED_COMPLETE,DISCLOSED,EVD-688726-0015,FINAL_APPROVED
TRX-688726-0037,TP-688726-0098,STD-688726-068,TRANSFEROR,TRANSFEROR,,NOT_APPLICABLE,,NOT_APPLICABLE,DISCLOSED,EVD-688726-0015,FINAL_APPROVED
TRX-688726-0037,TP-688726-0099,STD-688726-012,TRANSFEREE,TRANSFEREE,597.5145,DISCLOSED_COMPLETE,0.0011,DISCLOSED_COMPLETE,DISCLOSED,EVD-688726-0015,FINAL_APPROVED
TRX-688726-0038,TP-688726-0100,STD-688726-022,TRANSFEROR,TRANSFEROR,,NOT_APPLICABLE,,NOT_APPLICABLE,DISCLOSED,EVD-688726-0015,FINAL_APPROVED
TRX-688726-0038,TP-688726-0101,STD-688726-060,TRANSFEREE,TRANSFEREE,8493.8973,DISCLOSED_COMPLETE,0.0161,DISCLOSED_COMPLETE,DISCLOSED,EVD-688726-0015,FINAL_APPROVED
TRX-688726-0039,TP-688726-0102,STD-688726-039,INVESTOR,INVESTOR,9200,DISCLOSED_COMPLETE,0.03370582396178529,DISCLOSED_COMPLETE,DISCLOSED,EVD-688726-0016,FINAL_APPROVED
TRX-688726-0040,TP-688726-0103,STD-688726-064,TRANSFEROR,TRANSFEROR,,NOT_APPLICABLE,,NOT_APPLICABLE,DISCLOSED,EVD-688726-0017,FINAL_APPROVED
TRX-688726-0040,TP-688726-0104,STD-688726-070,TRANSFEREE,TRANSFEREE,2430.3087,DISCLOSED_COMPLETE,0.0039,DISCLOSED_COMPLETE,DISCLOSED,EVD-688726-0017,FINAL_APPROVED
TRX-688726-0041,TP-688726-0105,STD-688726-014,TRANSFEROR,TRANSFEROR,,NOT_APPLICABLE,,NOT_APPLICABLE,DISCLOSED,EVD-688726-0017,FINAL_APPROVED
TRX-688726-0041,TP-688726-0106,STD-688726-046,TRANSFEREE,TRANSFEREE,3050.3663,DISCLOSED_COMPLETE,0.0048,DISCLOSED_COMPLETE,DISCLOSED,EVD-688726-0017,FINAL_APPROVED
TRX-688726-0042,TP-688726-0107,STD-688726-033,TRANSFEROR,TRANSFEROR,,NOT_APPLICABLE,,NOT_APPLICABLE,DISCLOSED,EVD-688726-0017,FINAL_APPROVED
TRX-688726-0042,TP-688726-0108,STD-688726-046,TRANSFEREE,TRANSFEREE,1525.2039,DISCLOSED_COMPLETE,0.0024,DISCLOSED_COMPLETE,DISCLOSED,EVD-688726-0017,FINAL_APPROVED
TRX-688726-0043,TP-688726-0109,STD-688726-015,INVESTOR,INVESTOR,12000,DISCLOSED_COMPLETE,0.015627044341053806,DISCLOSED_COMPLETE,DISCLOSED,EVD-688726-0018,FINAL_APPROVED
TRX-688726-0043,TP-688726-0110,STD-688726-013,INVESTOR,INVESTOR,7600,DISCLOSED_COMPLETE,0.009897140091646524,DISCLOSED_COMPLETE,DISCLOSED,EVD-688726-0018,FINAL_APPROVED
TRX-688726-0043,TP-688726-0111,STD-688726-042,INVESTOR,INVESTOR,5000,DISCLOSED_COMPLETE,0.006511268475439085,DISCLOSED_COMPLETE,DISCLOSED,EVD-688726-0018,FINAL_APPROVED
TRX-688726-0043,TP-688726-0112,STD-688726-056,INVESTOR,INVESTOR,5000,DISCLOSED_COMPLETE,0.006511268475439085,DISCLOSED_COMPLETE,DISCLOSED,EVD-688726-0018,FINAL_APPROVED
TRX-688726-0043,TP-688726-0113,STD-688726-034,INVESTOR,INVESTOR,5000,DISCLOSED_COMPLETE,0.006511268475439085,DISCLOSED_COMPLETE,DISCLOSED,EVD-688726-0018,FINAL_APPROVED
TRX-688726-0043,TP-688726-0114,STD-688726-054,INVESTOR,INVESTOR,4000,DISCLOSED_COMPLETE,0.005209014780351269,DISCLOSED_COMPLETE,DISCLOSED,EVD-688726-0018,FINAL_APPROVED
TRX-688726-0043,TP-688726-0115,STD-688726-071,INVESTOR,INVESTOR,4500,DISCLOSED_COMPLETE,0.005860141627895178,DISCLOSED_COMPLETE,DISCLOSED,EVD-688726-0018,FINAL_APPROVED
TRX-688726-0043,TP-688726-0116,STD-688726-052,INVESTOR,INVESTOR,3800,DISCLOSED_COMPLETE,0.004948540023375478,DISCLOSED_COMPLETE,DISCLOSED,EVD-688726-0018,FINAL_APPROVED
TRX-688726-0043,TP-688726-0117,STD-688726-017,INVESTOR,INVESTOR,3500,DISCLOSED_COMPLETE,0.00455788793280736,DISCLOSED_COMPLETE,DISCLOSED,EVD-688726-0018,FINAL_APPROVED
TRX-688726-0043,TP-688726-0118,STD-688726-011,INVESTOR,INVESTOR,3000,DISCLOSED_COMPLETE,0.003906761085263452,DISCLOSED_COMPLETE,DISCLOSED,EVD-688726-0018,FINAL_APPROVED
TRX-688726-0043,TP-688726-0119,STD-688726-073,INVESTOR,INVESTOR,3000,DISCLOSED_COMPLETE,0.003906761085263452,DISCLOSED_COMPLETE,DISCLOSED,EVD-688726-0018,FINAL_APPROVED
TRX-688726-0043,TP-688726-0120,STD-688726-035,INVESTOR,INVESTOR,2750,DISCLOSED_COMPLETE,0.0035811976614914974,DISCLOSED_COMPLETE,DISCLOSED,EVD-688726-0018,FINAL_APPROVED
TRX-688726-0043,TP-688726-0121,STD-688726-036,INVESTOR,INVESTOR,2250,DISCLOSED_COMPLETE,0.002930070813947589,DISCLOSED_COMPLETE,DISCLOSED,EVD-688726-0018,FINAL_APPROVED
TRX-688726-0043,TP-688726-0122,STD-688726-044,INVESTOR,INVESTOR,2000,DISCLOSED_COMPLETE,0.0026045073901756347,DISCLOSED_COMPLETE,DISCLOSED,EVD-688726-0018,FINAL_APPROVED
TRX-688726-0043,TP-688726-0123,STD-688726-077,INVESTOR,INVESTOR,2000,DISCLOSED_COMPLETE,0.0026045073901756347,DISCLOSED_COMPLETE,DISCLOSED,EVD-688726-0018,FINAL_APPROVED
TRX-688726-0043,TP-688726-0124,STD-688726-020,INVESTOR,INVESTOR,1500,DISCLOSED_COMPLETE,0.001953380542631726,DISCLOSED_COMPLETE,DISCLOSED,EVD-688726-0018,FINAL_APPROVED
TRX-688726-0043,TP-688726-0125,STD-688726-053,INVESTOR,INVESTOR,1000,DISCLOSED_COMPLETE,0.0013022536950878173,DISCLOSED_COMPLETE,DISCLOSED,EVD-688726-0018,FINAL_APPROVED
TRX-688726-0044,TP-688726-0126,STD-688726-038,INVESTOR,INVESTOR,3987,DISCLOSED_COMPLETE,0.013140500256076333,DISCLOSED_COMPLETE,DISCLOSED,EVD-688726-0020,FINAL_APPROVED
