evidence_id,company_id,event_id,transaction_id,entity_id,source_file,pdf_page_start,pdf_page_end,document_page_start,document_page_end,source_section,source_line_range,evidence_text,evidence_summary,evidence_type,evidence_sha256,supported_fields,supported_value_source_type,review_status
EVD-001282-0001-01,001282,EVT-001282-0001,,,seven_companies_final_manual_review_completed.xlsx::证据索引,30,32,29,31,（一）有限公司设立情况,"[{""pdf_page"": 30, ""line_start"": 21, ""line_end"": 30}, {""pdf_page"": 31, ""line_start"": 0, ""line_end"": 37}, {""pdf_page"": 32, ""line_start"": 0, ""line_end"": 17}]","（一）有限公司设立情况
1、有限公司设立程序
2004 年 6 月 1 日，孙国奉、孙国敏和张松满就设立三联有限签署了股东协
议书及公司章程，约定三联有限的注册资本500 万元，由孙国奉以机器设备出资
175 万元，占注册资本 35%；孙国敏以货币和机器设备出资 162.5 万元，占注册
资本 32.5%；张松满以货币和机器设备出资 162.5 万元，占注册资本 32.5%。
2、设立时股东出资的验资情况
2004 年 6 月 10 日，安徽平泰会计师事务所出具编号为平泰会验字【2004】
第 395 号《验资报告》，验证截至2004 年 6 月 10 日，三联有限已收到全体股东
缴纳的注册资本合计 500 万元，其中股东孙国奉以实物（机器设备）出资175 万
芜湖三联锻造股份有限公司                                             招股说明书
30
元；股东孙国敏以货币出资 52.5 万元，以实物（机器设备）出资 100 万元，以
代三联有限支付的土地款形成的债权出资 10 万元，共计 162.5 万元；股东张松
满以货币出资 57.5 万元，以实物（机器设备）出资105 万元，共计 162.5 万元。
2004 年 6 月 18 日，三联有限设立经芜湖市工商行政管理局核准，并取得注
册号为 3402012102584 的《营业执照》。
三联有限设立时出资结构如下：
股东名称 注册资本（万元） 出资比例（%） 出资方式 出资状态
孙国奉 175.00 35.00 实物（机器设备） 实缴出资
孙国敏
52.50
32.50
货币
实缴出资 100.00 实物（机器设备）
10.00 债权（代付土地款）
张松满
57.50
32.50
货币
实缴出资
105.00 实物（机器设备）
合计 500.00 100.00 / /
注：张松满系孙国奉之妹孙娟丽的配偶。
3、货币资金置换实物出资的情况
2006 年 9 月 28 日，三联有限召开股东会并决议，同意因生产工艺及设备质
量问题退回三联有限股东用以出资的机器设备，以货币方式置换该实物出资。三
联有限设立时，该机器设备作为实物出资未履行评估作价程序，不符合当时有效
的《公司法》（1999 年）中第二十四条的规定，存在出资程序瑕疵。股东以现
金方式置换该实物出资后，该出资程序瑕疵已消除。
2007 年 11 月 26 日，安徽平泰会计师事务所出具编号为平泰会验字【2007】
第 377 号《验资报告》，验证截至 2007 年 11 月 26 日，三联有限已收到全体股
东 380 万元货币出资，置换原设立时股东投入的实物资产。其中孙国奉货币出资
175万元，孙国敏货币出资 100 万元，张松满货币出资 105 万元。三联有限的注
册资本仍为 500 万元。
本次货币出资置换完成后，三联有限的出资结构如下：
股东名称 注册资本（万元） 出资比例（%） 出资方式 出资状态
孙国奉 175.00 35.00 货币 实缴出资
芜湖三联锻造股份有限公司                                             招股说明书
31
股东名称 注册资本（万元） 出资比例（%） 出资方式 出资状态
孙国敏
152.50
32.50
货币
实缴出资
10.00 债权 （代付土地款）
张松满 162.50 32.50 货币 实缴出资
合计 500.00 100.00 / /
2021 年 5 月 8 日，芜湖市市场监督管理局针对上述货币资金置换出具了 《情
况说明》 ，确认上述设备出资未经评估的瑕疵情形已主动消除且已超出行政处罚
法规定的行政处罚期限。
2021 年 5 月 20 日，容诚会计师出具编号为容诚专字【2021】241Z0033 号的
《验资复核报告》，对前述验资事项进行了复核验证，验证置换实物资产的货币
资金 380 万元已投入三联有限，出资足额、真实；债权出资 10 万元已投入三联
有限，出资足额、真实。",,TEXT,126f5756706b0cc98b877c6b4025c3da629c9fd4af34354f6b106c34a25d7b2c,,DISCLOSED,FINAL_APPROVED
EVD-001282-0003-01,001282,EVT-001282-0002,,,seven_companies_final_manual_review_completed.xlsx::证据索引,32,34,31,33,（二）股份公司设立情况,"[{""pdf_page"": 32, ""line_start"": 18, ""line_end"": 33}, {""pdf_page"": 33, ""line_start"": 0, ""line_end"": 25}, {""pdf_page"": 34, ""line_start"": 0, ""line_end"": 1}]","（二）股份公司设立情况
1、发行人设立的程序
2018 年 10 月 11 日，三联有限召开股东会并作出决议，全体股东一致同意
三联有限整体变更设立股份有限公司。根据华普天健会计师事务所（特殊普通合
伙）出具编号为会审字【2018】5737 号《审计报告》，截至2018 年 7 月 31 日，
三联有限经审计的净资产总计为 308,886,389.01 元，按照1：0.2639 的比例折股，
折合为股份有限公司的股份总数为 81,500,000 股，每股面值 1 元，共计
81,500,000.00元，其余 227,386,389.01 元计入资本公积。
根据中水致远资产评估有限公司出具的中水致远评报字【2018】第 020281
号《芜湖三联锻造有限公司拟整体变更设立股份有限公司项目资产评估报告》，
截至 2018 年 7 月 31 日，公司净资产评估价值为 37,526.27 万元。
2018 年 10 月 11 日，孙国奉、张一衡、孙国敏、孙仁豪、高新同华等 5 名
股东作为发起人签署了《发起人协议》，一致同意由三联有限整体变更设立股份
公司，股份公司的注册资本为 8,150 万元。
2018 年 10 月 27 日，公司召开创立大会暨第一次临时股东大会并作出决议，
全体股东（发起人）一致同意通过关于整体变更为股份公司的相关议案。
芜湖三联锻造股份有限公司                                             招股说明书
32
2018 年 10 月 27 日，华普天健会计师事务所（特殊普通合伙）对公司的出
资情况进行了审验，并出具会验字【2018】6175号《验资报告》，验证截至2018
年 10 月 27 日，公司已收到全体股东以净资产折股的方式缴纳的注册资本 8,150
万元。
2018 年 11 月 26 日，三联有限整体变更为股份有限公司经芜湖市工商行政
管理局核准，并取得统一社会信用代码为91340200762794150A的 《营业执照》 。
2、发行人对股份改制折股净资产的调整与复核
2021 年 5 月 15 日，容诚会计师出具容诚专字【2021】241Z0034号《芜湖三
联锻造股份有限公司股改净资产出资到位情况专项复核的报告》及《关于芜湖三
联锻造股份有限公司前期会计差错事项对股改基准日净资产影响的说明》 ，因前
期会计差错更正，将三联有限股改基准日净资产由 308,886,389.01 元调整为
298,285,000.14 元。调整后，截至 2018 年 7 月 31 日，三联有限经审计的净资产
总计为 298,285,000.14 元，按照 1：0.2732 折股，折合为股份有限公司的股份总
数为 81,500,000 股，每股面值 1 元，共计 81,500,000.00 元，调整后净资产超出
股本部分 216,785,000.14 元计入股份公司的资本公积。上述调整事项对股改时公
司净资产出资情况未产生出资不实的影响。
2021 年 5 月 15 日，中水致远资产评估有限公司出具《关于芜湖三联锻造股
份有限公司前期会计差错更正对股改基准日评估净资产影响的说明》 ，将三联有
限截至 2018 年 7 月 31 日净资产的评估价值调整为 36,433.51 万元。
2021 年 5 月 15 日，发行人召开了第一届董事会第十七次会议，同意公司对
上述会计差错进行更正。发行人独立董事就前期会计差错更正发表独立意见，同
意发行人的会计处理方式，同意发行人根据调整后的股改净资产进行折股。2021
年 5 月 31 日，发行人召开2021 年第二次临时股东大会，同意公司对上述会计差
错进行更正。
芜湖三联锻造股份有限公司                                             招股说明书
33",,TEXT,fd585eee3537fb24bbfaeb8be304ea46ebc4147a7d29b9b06393140ae6d94706,,DISCLOSED,FINAL_APPROVED
EVD-001282-0003-02,001282,EVT-001282-0002,,,seven_companies_final_manual_review_completed.xlsx::证据索引,33,33,32,32,（二）股份公司设立情况,"[{""pdf_page"": 33, ""line_start"": 6, ""line_end"": 7}]","2018 年 11 月 26 日，三联有限整体变更为股份有限公司经芜湖市工商行政
管理局核准，并取得统一社会信用代码为91340200762794150A的 《营业执照》 。",,TEXT,30f1444da513f0e3a697c91dff9c866f8304efaddcfa5391478feac566effe77,,DISCLOSED,FINAL_APPROVED
EVD-001282-0003-03,001282,EVT-001282-0002,,,seven_companies_final_manual_review_completed.xlsx::证据索引,35,36,34,35,（二）股份公司设立情况,"[{""pdf_page"": 35, ""line_start"": 3, ""line_end"": 9}, {""pdf_page"": 36, ""line_start"": 0, ""line_end"": 13}]","2、发行人报告期内的股本演变情况
三联有限自设立至报告期期初（2019 年初）进行了四次股权转让和四次增
资，并于 2018 年 11 月整体变更为股份公司，具体情况请参见申报文件“4-3 发
行人关于公司设立以来股本演变情况的说明及其董事、监事、高级管理人员的确
认意见”。
报告期内，发行人的股本和股东变化情况如下：
2019 年 12 月，股份有限公司第一次增资
芜湖三联锻造股份有限公司                                             招股说明书
35
（1）增资情况
2019 年 12 月 4 日，公司召开 2019 年第二次临时股东大会，审议通过了《关
于公司增资扩股的议案》，议案决定拟将公司的注册资本由 8,150 万元增加至
8,498万元。新增注册资本由新股东三联合伙以每股 4.50 元的价格认购，其中 348
万元计入注册资本，剩余 1,218 万元计入资本公积。
本次增资时三联合伙合伙人的岗位及合伙份额情况如下：
序号 姓名 合伙人类型 岗位 认缴出资额
（万元）
出资比例
（%） 出资方式 出资期限
1 孙国奉 普通合伙人 三联锻造董
事长、 总经理 382.50 24.43 货币 2019.12.31之前",,TEXT,0dd859fd328406cd4a3a01088b20774640792ae729f783130f64efa082399444,,DISCLOSED,FINAL_APPROVED
EVD-001282-0004-01,001282,EVT-001282-0003,,,seven_companies_final_manual_review_completed.xlsx::证据索引,35,36,34,35,2019 年 12 月，股份有限公司第一次增资,"[{""pdf_page"": 35, ""line_start"": 9, ""line_end"": 9}, {""pdf_page"": 36, ""line_start"": 0, ""line_end"": 21}]","2019 年 12 月，股份有限公司第一次增资
芜湖三联锻造股份有限公司                                             招股说明书
35
（1）增资情况
2019 年 12 月 4 日，公司召开 2019 年第二次临时股东大会，审议通过了《关
于公司增资扩股的议案》，议案决定拟将公司的注册资本由 8,150 万元增加至
8,498万元。新增注册资本由新股东三联合伙以每股 4.50 元的价格认购，其中 348
万元计入注册资本，剩余 1,218 万元计入资本公积。
本次增资时三联合伙合伙人的岗位及合伙份额情况如下：
序号 姓名 合伙人类型 岗位 认缴出资额
（万元）
出资比例
（%） 出资方式 出资期限
1 孙国奉 普通合伙人 三联锻造董
事长、 总经理 382.50 24.43 货币 2019.12.31之前
2 韩良 有限合伙人 三联锻造董
事、 副总经理 360.00 22.99 货币 2019.12.31之前
3 孟江峰 有限合伙人 三联锻造副
总经理 135.00 8.62 货币 2019.12.31之前
4 杨成 有限合伙人
三联锻造财
务总监、 董事
会秘书",,TEXT,c078634a467c4bf886d5021efccc82b15caa052bac25efe1a70be1a014e3c9de,,DISCLOSED,FINAL_APPROVED
EVD-001282-0004-02,001282,EVT-001282-0003,,,seven_companies_final_manual_review_completed.xlsx::证据索引,39,40,38,39,2019 年 12 月，股份有限公司第一次增资,"[{""pdf_page"": 39, ""line_start"": 15, ""line_end"": 29}, {""pdf_page"": 40, ""line_start"": 0, ""line_end"": 5}]","报告》，按照公司截至 2019 年 12 月 31 日的股权公允价值的评估对前次股份支
付公允价值进行调整，将股份支付授予的公允价值由 6.48 元/股调整为 7.15 元/
股。2019 年 12 月 4 日，公司股东大会审议通过了《关于公司增资扩股的议案》，
发行人选择该时点作为授予日， 按照7 年确认等待期 （以2019 年 12 月 4 日起算，
按照公司上市申报计划 2023 年 12 月上市，含上市后锁定期 3 年），根据中水致
远股权评估公允价值 7.15 元/股与 4.50 元/股的价差按期分摊计入当期费用。
公司在等待期内每个资产负债表日对预计可行权数量作出合理估计，确认相
应的股权激励费用。等待期内若公司估计成功完成首次公开发行股票并上市且股
票锁定期（自公司股票上市之日起三年）的时点发生变化，需根据重估时点确定
等待期，截至当期累计应确认的股权激励费用扣减前期累计已确认金额，作为当
期应确认的股权激励费用。
本次股份支付费用按照 7 年等待期确认为管理费用和资本公积，并将确认的
股份支付的费用计入经常性损益。对应会计处理为：
期间 会计科目 借方金额（元） 贷方金额（元）
2022年度 管理费用-股份支付 962,795.80 -
芜湖三联锻造股份有限公司                                             招股说明书
39
期间 会计科目 借方金额（元） 贷方金额（元）
资本公积 - 962,795.80
2021年度
管理费用-股份支付 929,944.49 -",,TEXT,c9f339424994f0fe5b7edef4df2596504e689b9272cdeecd87cbe9eb423f4954,,DISCLOSED,FINAL_APPROVED
EVD-301581-0001-01,301581,EVT-301581-0001,,,seven_companies_final_manual_review_completed.xlsx::证据索引,41,41,1-1-40,1-1-40,2012-06，发行人前身设立,"[{""pdf_page"": 41, ""line_start"": 3, ""line_end"": 18}]","2012年6月，谷捷有限
增资
2022年9月，整体变更
为股份公司
注册资本1,000万元，由昆山谷捷出资设立
昆山谷捷将其所持谷捷有限78%、11%、11%的股权
分别转让给黄山供销集团、张俊武、周斌，转让
后黄山供销集团、张俊武、周斌分别持有78%、
11%、11%的股权",,TEXT,589fd037279ade6f4fc2693e1f9a23f67c5bc94469a1df9e591d68e925a3bc69,,DISCLOSED,FINAL_APPROVED
EVD-301581-0002-01,301581,EVT-301581-0002,,,seven_companies_final_manual_review_completed.xlsx::证据索引,41,41,1-1-40,1-1-40,2021年4月，吸收合并,"[{""pdf_page"": 41, ""line_start"": 7, ""line_end"": 11}]","2021年4月，吸收合并
2021年11月，第一次
增资
2022年5月，第二次
增资",,TEXT,aec1708d01688dddb195409f123d16bcb6594a826ff8d8fe99f87256003745ad,,DISCLOSED,FINAL_APPROVED
EVD-301581-0002-02,301581,EVT-301581-0002,,,seven_companies_final_manual_review_completed.xlsx::证据索引,43,43,1-1-42,1-1-42,2021年4月，吸收合并,"[{""pdf_page"": 43, ""line_start"": 2, ""line_end"": 11}]","3、2021 年 4 月，吸收合并
2020 年 12 月 24 日，谷捷有限及昆山谷捷召开股东会，同意谷捷有限吸收
合并昆山谷捷，合并后谷捷有限存续，昆山谷捷注销；同日，谷捷有限与昆山谷
捷签订《合并协议》。
2020 年 12 月 25 日，谷捷有限与昆山谷捷在《中国商报》联合刊登了吸收
合并公告，按照《公司法》规定履行了债权人告知等义务。公告期满，未有债权
人要求谷捷有限清偿债务或要求谷捷有限提供相应担保。
2020 年 12 月 30 日，黄山市供销社、黄山供销集团出具《关于同意昆山谷
捷股权转让以及黄山谷捷吸收合并昆山谷捷的批复》（黄供集团[2020]80 号），
同意谷捷有限吸收合并昆山谷捷，吸收合并后昆山谷捷注销，谷捷有限存续。",,TEXT,fac80a14a4eca26112040ee8999c3e7b73cc20af0abc1d693553bfc90f588b95,,DISCLOSED,FINAL_APPROVED
EVD-301581-0002-03,301581,EVT-301581-0002,,,seven_companies_final_manual_review_completed.xlsx::证据索引,43,44,1-1-42,1-1-43,2021年4月，吸收合并,"[{""pdf_page"": 43, ""line_start"": 12, ""line_end"": 25}, {""pdf_page"": 44, ""line_start"": 0, ""line_end"": 17}]","2021 年 4 月 7 日，谷捷有限召开股东会，吸收合并后谷捷有限的注册资本
变更为 1,200 万元，其中黄山供销集团出资 936 万元，张俊武出资 132 万元，周
斌出资 132 万元；同日，谷捷有限与昆山谷捷再次签订《吸收合并协议》，进一
步明确了双方权利义务等条款。
2021 年 4 月 13 日， 谷捷有限取得了黄山市徽州区市场监督管理局为其换发
的营业执照（统一社会信用代码：913410045986552970）。
2021 年 8 月 20 日，国家税务总局苏州昆山经济技术开发区税务局出具《清
税证明》 （昆开税税企清[2021]9296 号），确认昆山谷捷税务事项已结清。2021
年 9 月 7 日， 昆山市市场监督管理局出具 《准予注销登记通知书》 （ （05831101zc）
公司注销[2021]第 09070003 号），核准昆山谷捷注销。
2022 年 11 月 16 日， 中审众环会计师出具 《验资报告》 （众环验字 （2022）
0110095 号），确认截至 2021 年 9 月 7 日，谷捷有限已收到全体股东新增实收
资本 200 万元，由股东以被合并方昆山谷捷的账面净资产出资。
本次吸收合并前后，谷捷有限、昆山谷捷的股东及各出资比例如下：
黄山谷捷股份有限公司                                                              招股说明书
1-1-43
单位：万元
序
号 股东名称
吸收合并前 吸收合并后
谷捷有限 昆山谷捷 谷捷有限
出资额 出资比例 出资额 出资比例 出资额 出资比例
1 黄山供销集团 780.00 78.00% 156.00 78.00% 936.00 78.00%
2 张俊武 110.00 11.00% 22.00 11.00% 132.00 11.00%
3 周斌 110.00 11.00% 22.00 11.00% 132.00 11.00%
合计 1,000.00 100.00% 200.00 100.00% 1,200.00 100.00%
本次吸收合并系同一股权结构下的公司架构调整， 吸收合并当时未对双方净
资产进行评估。2022 年 11 月 14 日，中联国信进行了追溯评估并出具了《资产
评估报告》 （皖中联国信评报字（2022）第 303-1 号、 皖中联国信评报字（2022）
第 303-2 号），确认截至2021 年 3 月 31 日，昆山谷捷净资产账面价值为 380.94
万元，评估价值为 380.94 万元，谷捷有限净资产账面价值为 2,912.30 万元，评
估价值为 9,651.75 万元。",,TEXT,543bbe0fdcee3ff56bc89c63e53c936d000bba6b2f7d8e08e9e459cc06f5f282,,DISCLOSED,FINAL_APPROVED
EVD-301581-0003-01,301581,EVT-301581-0003,,,seven_companies_final_manual_review_completed.xlsx::证据索引,42,43,1-1-41,1-1-42,2、2021 年 4 月，第一次股权转让,"[{""pdf_page"": 42, ""line_start"": 2, ""line_end"": 22}, {""pdf_page"": 43, ""line_start"": 0, ""line_end"": 1}]","2、2021 年 4 月，第一次股权转让
2020 年 12 月 30 日，黄山市供销社、黄山供销集团出具《关于同意昆山谷
捷股权转让以及黄山谷捷吸收合并昆山谷捷的批复》（黄供集团[2020]80 号），
同意昆山谷捷将其所持谷捷有限 78%、11%、11%的股权以零对价分别转让给黄
山供销集团、张俊武、周斌。
2021 年 4 月 3 日，谷捷有限股东昆山谷捷作出股东决定，同意昆山谷捷进
行股权转让， 受让方系昆山谷捷全体股东， 各股东按持有昆山谷捷的股权比例受
让谷捷有限股权。同日，昆山谷捷分别与黄山供销集团、张俊武、周斌签署了股
权转让相关协议。
转让前后，谷捷有限的股权结构图对比如下：
2021 年 4 月 7 日，谷捷有限取得了黄山市徽州区市场监督管理局为其换发
的营业执照（统一社会信用代码：913410045986552970）。
本次股权转让后，谷捷有限的股权结构如下：
序号 股东姓名/名称 出资额（万元） 出资比例（%）
1 黄山供销集团 780.00 78.00
2 张俊武 110.00 11.00
3 周斌 110.00 11.00
合 计 1,000.00 100.00
本次股权转让系同一股权结构下的公司架构调整， 股权转让完成后， 黄山供
销集团、 张俊武、 周斌对谷捷有限的持股方式由间接持股变更为直接持股， 本次
股权转让价格为 0 元。
黄山谷捷股份有限公司                                                              招股说明书
1-1-42",,TEXT,b134175791801050571a285d9c1fa5c1d014dd6851a51259a376034f83e99a74,,DISCLOSED,FINAL_APPROVED
EVD-301581-0004-01,301581,EVT-301581-0004,,,seven_companies_final_manual_review_completed.xlsx::证据索引,44,45,1-1-43,1-1-44,"4、2021 年 11 月，第一次增资，增资至 1,714.2857 万元","[{""pdf_page"": 44, ""line_start"": 18, ""line_end"": 32}, {""pdf_page"": 45, ""line_start"": 0, ""line_end"": 15}]","4、2021 年 11 月，第一次增资，增资至 1,714.2857 万元
2021 年 7 月 31 日，黄山江南新科苑资产评估事务所（特殊普通合伙）出具
《资产评估报告》（新科苑评报字（2021）第 0112 号），确认截至 2020 年 12
月 31 日，谷捷有限股东全部权益价值为 26,461.86 万元。2022 年 11 月 25 日，
中联国信出具《评估复核报告》 （皖中联国信复核字（2022）第 002 号），认为
评估结果基本反映了资产在评估基准日的市场价值。
2021 年 9 月 17 日，黄山市供销社、黄山供销集团出具《关于黄山谷捷散热
科技有限公司增资扩股有关事项的批复》 （黄供集团[2021]52 号），同意谷捷有
限增资扩股，由赛格高技术和上汽科技向谷捷有限增资。
2021 年 9 月 18 日，赛格高技术、上汽科技与黄山供销集团、张俊武、周斌
及谷捷有限签署 《黄山谷捷散热科技有限公司增资协议》 ，约定谷捷有限增加注
册资本 514.2857 万元， 其中赛格高技术认缴 462.8571 万元、 上汽科技认缴 51.4286
万元， 增资价格为22.42 元/注册资本， 出资方式为货币。各方在增资协议中约定
了回购条款及其他股东特殊权利条款，相关内容及解除情况详见本节之 “十一、
发行人股本情况”之“（十）本次发行前涉及的对赌协议及其解除情况”。
黄山谷捷股份有限公司                                                              招股说明书
1-1-44
2021 年 9 月 19 日，谷捷有限召开股东会，同意上述增资扩股事项。
2021 年 11 月 11 日，谷捷有限取得了黄山市市场监督管理局为其换发的营
业执照（统一社会信用代码：913410045986552970）。
2022 年 1 月 17 日，中审众环会计师出具《验资报告》（众环验字（2022）
0110017 号），确认截至 2021 年 12 月 31 日，谷捷有限已收到股东赛格高技术
和上汽科技缴纳的实收资本 514.2857 万元，出资方式为货币。
本次增资完成后，公司股权结构如下：
序号 股东姓名/名称 出资额（万元） 出资比例（%）
1 黄山供销集团 936.0000 54.60
2 赛格高技术 462.8571 27.00
3 张俊武 132.0000 7.70
4 周斌 132.0000 7.70
5 上汽科技 51.4286 3.00
合 计 1,714.2857 100.00",,TEXT,96c85c4fde2291a030b4ae031d239797b9d474de41972b3b6f2951b12817a959,,DISCLOSED,FINAL_APPROVED
EVD-301581-0005-01,301581,EVT-301581-0005,,,seven_companies_final_manual_review_completed.xlsx::证据索引,45,45,1-1-44,1-1-44,"5、2022 年 5 月，第二次增资，增资至 1,804.5113 万元","[{""pdf_page"": 45, ""line_start"": 16, ""line_end"": 27}]","5、2022 年 5 月，第二次增资，增资至 1,804.5113 万元
2022 年 4 月 28 日， 中联国信出具 《资产评估报告》 （皖中联国信评报字（2022）
第 171 号），确认截至 2021 年 12 月 31 日，谷捷有限股东全部权益的市场价值
为 40,370 万元。
2022 年 5 月 17 日，黄山市供销社、黄山供销集团出具《关于黄山谷捷散热
科技有限公司员工股权激励实施方案的批复》 （黄供集团[2022]27 号），同意谷
捷有限实施员工股权激励。
2022 年 5 月 20 日，谷捷有限召开股东会，同意将公司的注册资本由
1,714.2857 万元增至 1,804.5113 万元，新增注册资本 90.2256 万元由员工持股平
台黄山佳捷全额认缴。
2022 年 5 月 24 日，谷捷有限与黄山佳捷签署《黄山谷捷散热科技有限公司
增资扩股协议》，新增注册资本 90.2256 万元由黄山佳捷全额认缴，增资价格为",,TEXT,344ce9eac0651c0107104286858614d2451761542618063d9cd5fc4a196588d1,,DISCLOSED,FINAL_APPROVED
EVD-301581-0006-01,301581,EVT-301581-0006,,,seven_companies_final_manual_review_completed.xlsx::证据索引,46,46,1-1-45,1-1-45,2022 年 9 月，谷捷有限整体变更为股份公司，具体情况见本节之“二、发,"[{""pdf_page"": 46, ""line_start"": 16, ""line_end"": 18}]","2022 年 9 月，谷捷有限整体变更为股份公司，具体情况见本节之“二、发
行人的设立情况、 报告期内的股本和股东变化情况”之“（一） 发行人的设立情
况”之“2、股份公司设立情况”。",,TEXT,2d7af4562a2985f2c633a59d78c7c345310f7bce575901e2b03bfc9d5540c278,,DISCLOSED,FINAL_APPROVED
EVD-301581-0006-02,301581,EVT-301581-0006,,,seven_companies_final_manual_review_completed.xlsx::证据索引,46,46,1-1-45,1-1-45,2022 年 9 月，谷捷有限整体变更为股份公司，具体情况见本节之“二、发,"[{""pdf_page"": 46, ""line_start"": 15, ""line_end"": 15}]",6、2022 年 9 月，整体变更为股份公司,,TEXT,15655f2021035531ef3eced23a43a340c9dceb2c78344e96c59c7568464dcb64,,DISCLOSED,FINAL_APPROVED
EVD-603418-0001-01,603418,EVT-603418-0001,,,seven_companies_final_manual_review_completed.xlsx::证据索引,41,42,40,41,（一）有限责任公司的设立情况,"[{""pdf_page"": 41, ""line_start"": 21, ""line_end"": 23}, {""pdf_page"": 42, ""line_start"": 0, ""line_end"": 17}]","（一）有限责任公司的设立情况
友升有限成立于 1992 年 12 月 4 日，由徐泾工业公司、友升太平洋美国共
同出资设立的中外合资有限责任公司，注册资本为 400 万美元。
上海友升铝业股份有限公司                                                          招股说明书
41
1992 年 10 月 22 日，青浦县人民政府出具《青浦县人民政府关于中美合资
经营 “上海友升铝业有限公司 ”合同、章程的批复》 （青府贸（ 1992）289
号） ，批复同意设立友升有限等相关事项。1992 年 11 月 26 日，上海市人民政府
向 友 升 有 限 核 发 《 中 华 人 民 共 和 国 外 商 投 资 企 业 批 准 证 书 》 （ 外 经 贸 沪 字
[1992]1636 号） 。
1992 年 12 月 4 日，友升有限取得《企业法人营业执照》 （注册号为工商企
合字第 02590 号） ，友升有限正式成立。
友升有限设立时股东及出资情况如下：
序号 股东名称 出资额（万美元） 出资比例
1 徐泾工业公司 240.00 60.00%
2 友升太平洋美国 160.00 40.00%
合计 400.00 100.00%
上海青浦会计师事务所分别于 1993 年 8 月 20 日、1996 年 12 月 31 日出具
资志字第 93088 号《验资报告》和 96338 号《验资报告》 ，确认友升有限400 万
美元注册资金已全部到位。其中，徐泾工业公司以土地使用权出资 99.12 万美
元，以货币出资 140.88 万美元；友升太平洋美国以货币出资 160.00 万美元。",,TEXT,8e1a2049889eb88e05d97b33052397ccc0d75123d7f874e8f7f459d75fad5066,,DISCLOSED,FINAL_APPROVED
EVD-603418-0003-01,603418,EVT-603418-0002,,,seven_companies_final_manual_review_completed.xlsx::证据索引,42,43,41,42,（二）股份有限公司的设立情况,"[{""pdf_page"": 42, ""line_start"": 18, ""line_end"": 28}, {""pdf_page"": 43, ""line_start"": 0, ""line_end"": 24}]","（二）股份有限公司的设立情况
公司由上海友升铝业有限公司整体变更设立。
根据会计师出具的《审计报告》 ，友升有限截至2020 年 5 月 31 日的净资产
为 40,482.37 万元。
沃克森评估于 2020 年 7 月 23 日出具了沃克森评报字（2020）第 1025 号
《上海友升铝业有限公司拟变更设立股份公司涉 及的上海友升铝业有限公司净
资产资产评估报告》 ，根据该评估报告，截至2020 年 5 月 31 日，友升有限的净
资产评估值为 48,659.65 万元。
2020 年 7 月 27 日，友升有限股东会作出决议，同意根据会计师出具的《审
计报告》 ，以友升有限截至2020 年 5 月 31 日的净资产 40,482.37 万元按 3.3735:1
的比例折合股本 12,000.00 万元（每股面值 1.00 元） ，净资产超过股本部分全部
上海友升铝业股份有限公司                                                          招股说明书
42
计入资本公积，将友升有限整体变更设立为上海友升铝业股份有限公司。友升
有限的全部资产、负债、业务及人员都由变更后的股份公司承继。
根据会计师出具的《验资报告》 ，对股份公司发起人的全部出资予以确认。
2020 年 9 月 9 日，公司在上海市市场监督管理局登记注册并领取《营业执
照》 （统一社会信用代码9131011860721585X1） ，友升股份正式成立。
公司整体变更设立时的股权结构如下：
序号 股东名称 股份（万股） 持股比例
1 泽升贸易 8,976.00 74.80%
2 达晨创联基金 1,800.00 15.00%
3 共青城泽升 1,020.00 8.50%
4 罗世兵 204.00 1.70%
合计 12,000.00 100.00%
根据会计师出具的《上海友升铝业股份有限公司前期差错更正对股改基准
日净资产影响的说明》 ，对整体变更基准日财务报表进行了追溯调整。因收入跨
期、成本调整等事项，导致友升有限于整体变更基准日的净资产调减 44.93 万
元，调整后的净资产为 40,437.44 万元。沃克森评估于 2023 年 11 月 18 日出具
了《评估结果变动情况的专项说明》 ，友升有限截至2020 年 5 月 31 日的净资产
评估值调整为 48,620.33 万元。由于经调整后净资产大于整体变更后股本数
12,000.00 万元，上述调整事项不影响公司整体变更时的注册资本充实情况。
2023 年 11 月，公司分别召开了第二届董事会第三次会议及 2023 年第三次
临时股东大会，审议通过《上海友升铝业股份有限公司关于追溯调整股改基准
日净资产及折股比例的议案》 ，同意对友升有限整体变更基准日的净资产折股方
案进行调整。",,TEXT,39daed528b3ae8273b4f964135e2faf4745e38e14b2e4e1e84853df9e411cc73,,DISCLOSED,FINAL_APPROVED
EVD-603418-0003-02,603418,EVT-603418-0002,,,seven_companies_final_manual_review_completed.xlsx::证据索引,44,44,43,43,（二）股份有限公司的设立情况,"[{""pdf_page"": 44, ""line_start"": 7, ""line_end"": 8}]","2、2020 年 9 月，整体变更为股份有限公司，股本增加至 12,000.00 万元
友升股份设立情况参见本节“二/（二）股份有限公司的设立情况”之说明。",,TEXT,5090e1dd21e2922e0b724094d514789f5c5ec0f81bf8b9160c6ab36e982aadb6,,DISCLOSED,FINAL_APPROVED
EVD-603418-0004-01,603418,EVT-603418-0003,,,seven_companies_final_manual_review_completed.xlsx::证据索引,44,45,43,44,2020 年 9 月，金浦临港基金、金浦科创基金和上海骁墨与本次增资前公司,"[{""pdf_page"": 44, ""line_start"": 10, ""line_end"": 29}, {""pdf_page"": 45, ""line_start"": 0, ""line_end"": 1}]","2020 年 9 月，金浦临港基金、金浦科创基金和上海骁墨与本次增资前公司
股东泽升贸易、罗世兵、共青城泽升、达晨创联基金共同签署《投资协议》 ，约
定金浦临港基金、金浦科创基金和上海骁墨分别以 7,000 万元、3,000 万元和
1,500 万元认购发行人新增注册资本 840 万元、360 万元和 180 万元。
2020 年 9 月 27 日，经友升股份 2020 年第二次临时股东大会审议通过，友
升股份股本由 12,000 万元增加至 13,380 万元，新增注册资本由金浦临港基金出
资 840 万元、金浦科创基金出资 360 万元、上海骁墨出资 180 万元，出资方式
均为货币资金，新增股份的认购价格为 8.3333 元/股。
2020 年 9 月 30 日，友升股份完成了上述增资的工商变更登记手续，并取得
了由上海市市场监督管理局换发的《营业执照》 。
本次增资后，友升股份的股权结构如下：
序号 股东名称 股份（万股） 持股比例
1 泽升贸易 8,976.00 67.09%
2 达晨创联基金 1,800.00 13.45%
3 共青城泽升 1,020.00 7.62%
4 罗世兵 204.00 1.52%
5 金浦临港基金 840.00 6.28%
6 金浦科创基金 360.00 2.69%
7 上海骁墨 180.00 1.35%
合计 13,380.00 100.00%
上海友升铝业股份有限公司                                                          招股说明书
44",,TEXT,77c13c60da4a7e82b739966c56f30fdb1983ca81683f1c40aa2ece06cd37f57f,,DISCLOSED,FINAL_APPROVED
EVD-603418-0004-02,603418,EVT-603418-0003,,,seven_companies_final_manual_review_completed.xlsx::证据索引,44,44,43,43,2020 年 9 月，金浦临港基金、金浦科创基金和上海骁墨与本次增资前公司,"[{""pdf_page"": 44, ""line_start"": 9, ""line_end"": 9}]","3、2020 年 9 月，增资至 13,380.00 万元",,TEXT,fa37a2d2dea5dd154e5552515cc89c2e20c150da498bdc25b81904e28fb82a6f,,DISCLOSED,FINAL_APPROVED
EVD-603418-0005-01,603418,EVT-603418-0004,,,seven_companies_final_manual_review_completed.xlsx::证据索引,45,46,44,45,"4、2022 年 12 月，增资至 14,480.1333 万元","[{""pdf_page"": 45, ""line_start"": 2, ""line_end"": 31}, {""pdf_page"": 46, ""line_start"": 0, ""line_end"": 13}]","4、2022 年 12 月，增资至 14,480.1333 万元
2022 年 12 月 4 日，友升股份召开第一届董事会第十六次会议，审议通过了
《 关 于 上 海 友 升 铝 业 股 份 有 限 公 司 增 资 的 议 案 》 ， 同 意 增 加 注 册 资 本 至
14,480.1333 万元，新增股份的认购价格为 33.6323 元/股，新增股本的认购情况
如下：
序号 认购人 认购数量（万股） 认购金额（万元） 出资方式
1 杉晖创业 297.3333 10,000.00 货币
2 上海联炻 297.3333 10,000.00 货币
3 安吉璞颉 148.6667 5,000.00 货币
4 财投晨源 89.2000 3,000.00 货币
5 深圳达晨创程 86.5984 2,912.50 货币
6 杉创智至 59.4667 2,000.00 货币
7 杭州达晨创程 51.9590 1,747.50 货币
8 达晨财汇 29.7333 1,000.00 货币
9 达晨财智 29.7333 1,000.00 货币
10 财智创赢 10.1093 340.00 货币
合计 1,100.1333 37,000.00 /
2022 年 12 月 19 日，友升股份召开 2022 年第六次临时股东大会，审议通过
了前述议案。
2022 年 12 月 19 日，友升股份完成了上述增资的工商变更登记手续，并取
得了由上海市市场监督管理局换发的《营业执照》 。
本次增资后，友升股份的股权结构如下：
序号 股东名称 股份（万股） 持股比例
1 泽升贸易 8,976.0000 61.99%
2 达晨创联基金 1,800.0000 12.43%
3 共青城泽升 1,020.0000 7.04%
4 金浦临港基金 840.0000 5.80%
5 金浦科创基金 360.0000 2.49%
6 杉晖创业 297.3333 2.05%
7 上海联炻 297.3333 2.05%
上海友升铝业股份有限公司                                                          招股说明书
45
序号 股东名称 股份（万股） 持股比例
8 罗世兵 204.0000 1.41%
9 上海骁墨 180.0000 1.24%
10 安吉璞颉 148.6667 1.03%
11 财投晨源 89.2000 0.62%
12 深圳达晨创程 86.5984 0.60%
13 杉创智至 59.4667 0.41%
14 杭州达晨创程 51.9590 0.36%
15 达晨财汇 29.7333 0.21%
16 达晨财智 29.7333 0.21%
17 财智创赢 10.1093 0.07%
合计 14,480.1333 100.00%",,TEXT,88f9c125f31163a622e72ae80bfee7b044dfabe45b9d60227ae56a5269f414cb,,DISCLOSED,FINAL_APPROVED
EVD-603418-0006-01,603418,EVT-603418-0005,,,seven_companies_final_manual_review_completed.xlsx::证据索引,47,47,46,46,（五）发行人历史沿革中存在股份代持的情况,"[{""pdf_page"": 47, ""line_start"": 73, ""line_end"": 75}]","（五）发行人历史沿革中存在股份代持的情况
发行人历史上存在股份代持的情况，形成原因、演变情况和解除过程如
下：",,TEXT,f42524795f7fa7f510c8d95b578b03dcb939314a609b5367285c8512bcc3f44a,,DISCLOSED,FINAL_APPROVED
EVD-688758-0001-01,688758,EVT-688758-0001,,,seven_companies_final_manual_review_completed.xlsx::证据索引,50,51,1-1-49,1-1-50,（一）公司前身赛分有限的设立情况,"[{""pdf_page"": 50, ""line_start"": 21, ""line_end"": 31}, {""pdf_page"": 51, ""line_start"": 0, ""line_end"": 21}]","（一）公司前身赛分有限的设立情况
2009 年 1 月 23 日，江苏省苏州工商行政管理局出具《名称预先登记核准通
知书》（名称预先登记[2009]第 01230006 号），预先核准企业名称为“苏州赛
分科技有限公司”。
2009 年 2 月 6 日，赛分有限（筹）股东黄学英、沈建林、潘鼎签署了《苏
州赛分科技有限公司章程》 ，载明赛分有限注册资本 10,000,000 元， 以货币出资。
首期实缴注册资本 4,000,000 元，剩余注册资本约定于 2011 年 3 月 10 日前实缴
完毕。
2009 年 3 月 11 日，苏州众勤会计师事务所有限公司出具苏众勤（2009）第
2047 号《验资报告》，截至 2009 年 3 月 10 日，赛分有限（筹）已收到股东以
货币资金缴付的注册资本（实收资本）合计 4,000,000 元。
苏州赛分科技股份有限公司                            首次公开发行股票并在科创板上市招股说明书
1-1-50
2010 年 6 月 17 日，苏州建信会计师事务所有限公司出具建信内验（2010）
字第 153 号《验资报告》，截至2010 年 6 月 17 日，赛分有限已收到黄学英第二
期缴纳的注册资本（实收资本）合计 1,000,000 元整，全部以货币出资。
2011 年 4 月 19 日，苏州建信会计师事务所有限公司出具建信内验（2011）
字第 065 号《验资报告》，截至2011 年 4 月 18 日，赛分有限已收到黄学英、沈
建林、潘鼎第三期缴纳的注册资本（实收资本）合计 5,000,000 元整，全部以货
币出资。至此，赛分有限注册资本实缴完毕。
2009 年 3 月 16 日，赛分有限（筹）就设立事项办理完毕工商登记手续，取
得了江苏省苏州工业园区工商行政管理局核发的《企业法人营业执照》。
公司设立时的股权结构情况如下：
序号 股东姓名 认缴出资额
（万元）
实缴出资额
（万元）
出资比例
（%） 出资方式
1 黄学英 900.00 360.00 90.00 货币
2 沈建林 50.00 20.00 5.00 货币
3 潘鼎 50.00 20.00 5.00 货币
合计 1,000.00 400.00 100.00 /",,TEXT,9e3780da9e3df3069c1fdfe0fa5e122ac79f5c91139e2510bf0fdd4901bfb716,,DISCLOSED,FINAL_APPROVED
EVD-688758-0002-01,688758,EVT-688758-0002,,,seven_companies_final_manual_review_completed.xlsx::证据索引,51,53,1-1-50,1-1-52,（二）股份公司的设立情况,"[{""pdf_page"": 51, ""line_start"": 22, ""line_end"": 34}, {""pdf_page"": 52, ""line_start"": 0, ""line_end"": 31}, {""pdf_page"": 53, ""line_start"": 0, ""line_end"": 27}]","（二）股份公司的设立情况
2021 年 8 月 9 日，万隆（上海）资产评估有限公司就赛分有限整体变更设
立股份公司事项出具 《苏州赛分科技有限公司拟变更设立股份有限公司涉及的其
净资产价值资产评估报告》（万隆评报字（2021）第 10464 号），截至 2021 年
5 月 31 日，赛分有限经评估的账面净资产值为人民币 330,045,075.98 元。
2021 年 8 月 9 日，容诚会计师事务所（特殊普通合伙）就赛分有限整体变
更设立股份公司事项出具《审计报告》（容诚审字 [2021]210Z0157 号），截至
2021 年 5 月 31 日， 赛分有限经审计的账面净资产值为人民币295,800,700.26 元。
2021 年 8 月 9 日，赛分有限临时股东会作出决议，审议通过了《关于公司
整体变更为股份有限公司的议案》 ， 同意赛分有限企业类型由有限责任公司整体
变更为股份有限公司， 名称为“苏州赛分科技股份有限公司”；同意以截至 2021
年 5 月 31 日， 以赛分有限折合的实收股本总额不高于经评估的净资产值为前提，
以上述经审计的账面净资产为基础，按 10.7537:1 的比例全额折为股份公司的股
苏州赛分科技股份有限公司                            首次公开发行股票并在科创板上市招股说明书
1-1-51
份总额，每股面值 1 元，共计 27,506,769 股，未折股部分 268,293,931.26 元将全
额计入股份公司的资本公积金。公司全体股东作为发起人， 按照目前各自在公司
的出资比例持有相应数额的股份。
2021 年 8 月 25 日， 赛分科技召开创立大会暨第一次股东大会， 审议通过 《关
于苏州赛分科技股份有限公司筹办情况的报告》 《关于苏州赛分科技股份有限公
司整体变更设立股份公司的议案》 《关于制定<苏州赛分科技股份有限公司章程>
的议案》 等相关议案， 选举并产生了第一届董事会和第一届监事会的股东代表监
事，并与职工代表大会选举产生的职工监事共同组成第一届监事会。
2021 年 8 月 25 日，容诚会计师事务所（特殊普通合伙）对本次整体变更进
行了验资， 并出具容诚验字[2021]210Z0020 号 《验资报告》 。 经审验， 截至2021
年 8 月 25 日，赛分科技各发起人以其拥有的赛分有限截至 2021 年 5 月 31 日经
审计的账面净资产 295,800,700.26 元（评估值为 330,045,075.98 元）折股投入，
其中 27,506,769.00 元折合为赛分科技的股本，股本总额 27,506,769 股，每股面
值 1 元，净资产折合股本后的余额计入资本公积。
2021 年 9 月 16 日， 赛分科技就整体变更为股份有限公司事项办理完毕工商
变更登记手续，取得了江苏省市场监督管理局换发的《营业执照》。
整体变更为股份有限公司后，赛分科技的股权结构如下：
序号 发起人姓名/名称 持股数量（股） 持股比例（%）
1 黄学英 8,031,668 29.1989
2 周金清 2,800,000 10.1793
3 高新同华 2,700,000 9.8158
4 陆民 2,574,000 9.3577
5 国寿疌泉 2,500,615 9.0909
6 华泰大健康一号 1,751,887 6.3689
7 苏州贤达 1,341,500 4.8770
8 复星惟盈 1,263,621 4.5939
9 苏州博达 1,149,389 4.1786
10 苏州杰贤 694,800 2.5259
11 潘鼎 632,000 2.2976
12 海佳同康 474,000 1.7232
苏州赛分科技股份有限公司                            首次公开发行股票并在科创板上市招股说明书
1-1-52
序号 发起人姓名/名称 持股数量（股） 持股比例（%）
13 苏州敦行 400,000 1.4542
14 陈志华 300,400 1.0921
15 耿卫东 300,000 1.0906
16 骏耀投资 200,000 0.7271
17 朱勤华 194,081 0.7056
18 华泰大健康二号 120,034 0.4364
19 唐斌 30,041 0.1092
20 道兴投资 28,079 0.1021
21 张敏 20,654 0.0751
合 计 27,506,769 100.0000
赛分有限在整体变更设立股份有限公司时， 存在改制基准日累计未分配利润
为负的情形。截至 2021 年 5 月 31 日，赛分有限未分配利润-49,602,682.54 元。
发行人改制基准日累计未分配利润为负的形成原因主要为， 有限公司前期阶
段，发行人收入规模较小，研发投入高。2020 年，发行人营业收入为 9,766.97
万元，研发投入为 2,133.01 万元，净利润为 938.57 万元。2021 年，公司实现收
入 15,488.71 万元，对应净利润 2,162.02 万元。公司营业规模快速扩大，盈利能
力大幅提升。股改基准日之后，发行人盈利能力较弱的情形已消除。综上所述，
截至本招股说明书签署日， 发行人整体变更设立股份有限公司时未分配利润为负
的形成原因已消除，不会对发行人未来盈利能力造成重大不利影响。
发行人整体变更设立股份有限公司在改制基准日的会计处理如下：
借：实收资本 27,506,769.00 元
未分配利润-49,602,682.54 元
资本公积 317,896,613.80 元
贷：股本 27,506,769.00 元
资本公积 268,293,931.26 元",,TEXT,2bdd7ffbb64bf2a0345f441206c1543e9f5e5a3162968d3bdab7378433e6828d,,DISCLOSED,FINAL_APPROVED
EVD-688758-0002-02,688758,EVT-688758-0002,,,seven_companies_final_manual_review_completed.xlsx::证据索引,52,53,1-1-51,1-1-52,（二）股份公司的设立情况,"[{""pdf_page"": 52, ""line_start"": 16, ""line_end"": 31}, {""pdf_page"": 53, ""line_start"": 0, ""line_end"": 27}]","2021 年 9 月 16 日， 赛分科技就整体变更为股份有限公司事项办理完毕工商
变更登记手续，取得了江苏省市场监督管理局换发的《营业执照》。
整体变更为股份有限公司后，赛分科技的股权结构如下：
序号 发起人姓名/名称 持股数量（股） 持股比例（%）
1 黄学英 8,031,668 29.1989
2 周金清 2,800,000 10.1793
3 高新同华 2,700,000 9.8158
4 陆民 2,574,000 9.3577
5 国寿疌泉 2,500,615 9.0909
6 华泰大健康一号 1,751,887 6.3689
7 苏州贤达 1,341,500 4.8770
8 复星惟盈 1,263,621 4.5939
9 苏州博达 1,149,389 4.1786
10 苏州杰贤 694,800 2.5259
11 潘鼎 632,000 2.2976
12 海佳同康 474,000 1.7232
苏州赛分科技股份有限公司                            首次公开发行股票并在科创板上市招股说明书
1-1-52
序号 发起人姓名/名称 持股数量（股） 持股比例（%）
13 苏州敦行 400,000 1.4542
14 陈志华 300,400 1.0921
15 耿卫东 300,000 1.0906
16 骏耀投资 200,000 0.7271
17 朱勤华 194,081 0.7056
18 华泰大健康二号 120,034 0.4364
19 唐斌 30,041 0.1092
20 道兴投资 28,079 0.1021
21 张敏 20,654 0.0751
合 计 27,506,769 100.0000
赛分有限在整体变更设立股份有限公司时， 存在改制基准日累计未分配利润
为负的情形。截至 2021 年 5 月 31 日，赛分有限未分配利润-49,602,682.54 元。
发行人改制基准日累计未分配利润为负的形成原因主要为， 有限公司前期阶
段，发行人收入规模较小，研发投入高。2020 年，发行人营业收入为 9,766.97
万元，研发投入为 2,133.01 万元，净利润为 938.57 万元。2021 年，公司实现收
入 15,488.71 万元，对应净利润 2,162.02 万元。公司营业规模快速扩大，盈利能
力大幅提升。股改基准日之后，发行人盈利能力较弱的情形已消除。综上所述，
截至本招股说明书签署日， 发行人整体变更设立股份有限公司时未分配利润为负
的形成原因已消除，不会对发行人未来盈利能力造成重大不利影响。
发行人整体变更设立股份有限公司在改制基准日的会计处理如下：
借：实收资本 27,506,769.00 元
未分配利润-49,602,682.54 元
资本公积 317,896,613.80 元
贷：股本 27,506,769.00 元
资本公积 268,293,931.26 元",,TEXT,123112b5f91cc342a107d4ccf7ed3214e67770f56405995e60fe693ef059f3fc,,DISCLOSED,FINAL_APPROVED
EVD-688758-0002-03,688758,EVT-688758-0002,,,seven_companies_final_manual_review_completed.xlsx::证据索引,58,59,1-1-57,1-1-58,（二）股份公司的设立情况,"[{""pdf_page"": 58, ""line_start"": 34, ""line_end"": 37}, {""pdf_page"": 59, ""line_start"": 0, ""line_end"": 1}]","3、2021 年 9 月，整体变更为股份公司
公司整体变更为股份有限公司的具体情况， 请详见本招股说明书之“第四节
发行人基本情况”之“二、 公司设立及报告期内的股本和股东变化情况”之“（二）
股份公司的设立情况”。
苏州赛分科技股份有限公司                            首次公开发行股票并在科创板上市招股说明书
1-1-58",,TEXT,5df5bffa70cf14542061a88019bbbe156a4841dd6ad8c3c3daae2be4534d78c1,,DISCLOSED,FINAL_APPROVED
EVD-688758-0003-01,688758,EVT-688758-0003,,,seven_companies_final_manual_review_completed.xlsx::证据索引,55,56,1-1-54,1-1-55,1、2021 年 4 月，报告期内第一次股权转让及第一次增资,"[{""pdf_page"": 55, ""line_start"": 2, ""line_end"": 15}, {""pdf_page"": 56, ""line_start"": 0, ""line_end"": 28}]","1、2021 年 4 月，报告期内第一次股权转让及第一次增资
（1）报告期内第一次股权转让
2021 年 2 月 22 日，赛分有限召开股东会并作出决议，同意黄学英将其持有
的赛分有限 58.2243 万元注册资本分别转让给复星惟盈、朱勤华、唐斌及张敏。
2021 年 1 月， 黄学英与朱勤华签署了 《股权转让协议》 ，2021 年 2 月 24 日，
黄学英与复星惟盈、唐斌、张敏签署了《股权转让协议》。
具体情况如下：
序号 转让方 受让方 转让单价
（元/注册资本）
注册资本
（万元）
转让价格
（万元）
1 黄学英 复星惟盈 51.52 37.3190 1,922.8571
苏州赛分科技股份有限公司                            首次公开发行股票并在科创板上市招股说明书
1-1-55
序号 转让方 受让方 转让单价
（元/注册资本）
注册资本
（万元）
转让价格
（万元）
2 朱勤华 19.4081 1,000.0000
3 唐斌 0.8872 45.7143
4 张敏 0.6100 31.4286
注：上述表格中转让单价和转让金额之间的细微差异，系计算过程四舍五入造成。
2021 年 3 月，上述股权受让方将股权转让款项支付给黄学英。根据国家税
务总局苏州工业园区税务局第一税务所出具的完税证明， 黄学英已就上述股权转
让事项缴纳了个人所得税 5,882,051.40 元。
（2）报告期内第一次增资
2021 年 2 月 25 日，赛分有限召开股东会并作出决议，同意公司注册资本增
加 342.6769 万元至 2,750.6769 万元。 新增的342.6769 万元注册资本由国寿疌泉、
复星惟盈、唐斌、张敏以人民币 1.85 亿元认购。
2021 年 2 月 26 日，国寿疌泉、复星惟盈、唐斌、张敏与发行人签署了《关
于苏州赛分科技有限公司之增资协议》。
本次增资具体情况如下：
序号 股东姓名/名称 认缴出资额
（万元）
增资价格
（元/注册资本）
增资金额
（万元） 出资方式
1 国寿疌泉 250.0615",,TEXT,0a3224b1b684a93793f9a8924fdeef4d67318661ba663adfb9146e2a3145839a,,DISCLOSED,FINAL_APPROVED
EVD-688758-0004-01,688758,EVT-688758-0004,,,seven_companies_final_manual_review_completed.xlsx::证据索引,57,58,1-1-56,1-1-57,2、2021 年 8 月，报告期内第二次股权转让,"[{""pdf_page"": 57, ""line_start"": 29, ""line_end"": 37}, {""pdf_page"": 58, ""line_start"": 0, ""line_end"": 33}]","2、2021 年 8 月，报告期内第二次股权转让
2021 年 7 月 10 日，赛分有限召开股东会并作出决议，同意黄学英将其持有
的公司 0.8%的注册资本 22.00 万元以人民币 0 元的价格转让给高新同华。 本次股
权转让系为解决公司与高新同华之间的业绩承诺与补偿事宜。
2021 年 7 月 10 日，赛分有限、高新同华与黄学英签署《增资协议之补充协
议》，约定终止各方于 2015 年 7 月签署的《投资合作框架协议》中第四条“业
绩承诺”和各方于 2015 年 8 月签署的 《增资协议》 中第五条“业绩承诺和补偿”，
各方不再根据被终止条款享有任何权利或承担任何义务， 作为补偿， 黄学英同意
以合计人民币 0 元的价格向高新同华转让其所持有的赛分有限 22 万元注册资本，
苏州赛分科技股份有限公司                            首次公开发行股票并在科创板上市招股说明书
1-1-57
双方将另行签署《股权转让协议》。
黄学英与高新同华就上述股权转让事宜签署了 《股权转让协议》， 就该次股
权转让事项，黄学英已经取得了免税证明。
本次股权转让后，赛分有限的股权结构如下：
序号 股东姓名/名称 认缴出资额
（万元）
实缴出资额
（万元）
出资比例
（%） 出资方式
1 黄学英 803.1668 803.1668 29.1989 货币
2 周金清 280.0000 280.0000 10.1793 货币
3 陆民 257.4000 257.4000 9.3577 货币
4 国寿疌泉 250.0615 250.0615 9.0909 货币
5 高新同华 270.0000 270.0000 9.8158 货币
6 华泰大健康一号 175.1887 175.1887 6.3689 货币
7 苏州贤达 134.1500 134.1500 4.8770 货币
8 苏州博达 114.9389 114.9389 4.1786 货币
9 复星惟盈 126.3621 126.3621 4.5939 货币
10 苏州杰贤 69.4800 69.4800 2.5259 货币
11 潘鼎 63.2000 63.2000 2.2976 货币
12 海佳同康 47.4000 47.4000 1.7232 货币
13 苏州敦行 40.0000 40.0000 1.4542 货币
14 陈志华 30.0400 30.0400 1.0921 货币
15 耿卫东 30.0000 30.0000 1.0906 货币
16 骏耀投资 20.0000 20.0000 0.7271 货币
17 朱勤华 19.4081 19.4081 0.7056 货币
18 华泰大健康二号 12.0034 12.0034 0.4364 货币
19 道兴投资 2.8079 2.8079 0.1021 货币
20 唐斌 3.0041 3.0041 0.1092 货币
21 张敏 2.0654 2.0654 0.0751 货币
合计 2750.6769 2750.6769 100.0000 /",,TEXT,423a5ee3816081c6a0f2add8ab77a86b464a45b381de6a5bb78c41217dfb40d7,,DISCLOSED,FINAL_APPROVED
EVD-688758-0005-01,688758,EVT-688758-0005,,,seven_companies_final_manual_review_completed.xlsx::证据索引,59,59,1-1-58,1-1-58,4、2021 年 11 月，报告期内第二次增资,"[{""pdf_page"": 59, ""line_start"": 2, ""line_end"": 16}]","4、2021 年 11 月，报告期内第二次增资
2021 年 10 月 28 日，赛分科技召开 2021 年第一次临时股东大会，决议同意
赛分科技增发股份 4,243,901 股，新增股份由新增股东源峰磐赛、珠海峦恒、高
瓴祈睿、国药中生、圣成投资、国药二期、圣祁投资、夏尔巴二期、甘李药业、
吴征涛认购。
2021 年 10 月 28 日，上述新增股东与赛分科技签署了《增资协议》。截至
2021 年 11 月，上述新增股东已支付完毕全部增资款。
本次增资具体情况如下：
序号 股东姓名/名称 认购股份
（股）
股份价格
（元/股）
认购金额
（万元） 出资方式
1 源峰磐赛 1,571,815",,TEXT,ed5288aacecf32b1bb68686eac81bf0d602ad9a0a5625fb167f0f6ab443dd07f,,DISCLOSED,FINAL_APPROVED
EVD-688758-0006-01,688758,EVT-688758-0006,,,seven_companies_final_manual_review_completed.xlsx::证据索引,60,62,1-1-59,1-1-61,5、2021 年 12 月，报告期内第三次增资,"[{""pdf_page"": 60, ""line_start"": 30, ""line_end"": 33}, {""pdf_page"": 61, ""line_start"": 0, ""line_end"": 33}, {""pdf_page"": 62, ""line_start"": 0, ""line_end"": 23}]","5、2021 年 12 月，报告期内第三次增资
2021 年 11 月 22 日，赛分科技召开 2021 年第二次临时股东大会，决议同意
赛分科技增发股份 117,886 股，新增股份由新增股东聚贝投资以人民币 1,500 万
元认购。
苏州赛分科技股份有限公司                            首次公开发行股票并在科创板上市招股说明书
1-1-60
2021 年 11 月 22 日，聚贝投资与赛分科技及原股东签署了《增资协议》。
截至 2021 年 12 月，聚贝投资支付完毕全部增资款。
2021 年 12 月 6 日，赛分科技取得了江苏省市场监督管理局换发的《营业执
照》。
本次增资完成后，赛分科技的股权结构如下：
序号 股东姓名/名称 股份数量（股） 持股比例（%）
1 黄学英 8,031,668 25.2025
2 周金清 2,800,000 8.7861
3 高新同华 2,700,000 8.4723
4 陆民 2,574,000 8.0769
5 国寿疌泉 2,500,615 7.8467
6 华泰大健康一号 1,751,887 5.4972
7 源峰磐赛 1,571,815 4.9322
8 苏州贤达 1,341,500 4.2095
9 复星惟盈 1,263,621 3.9651
10 苏州博达 1,149,389 3.6067
11 苏州杰贤 694,800 2.1802
12 潘鼎 632,000 1.9831
13 珠海峦恒 628,726 1.9729
14 高瓴祈睿 628,726 1.9729
15 海佳同康 474,000 1.4874
16 国药中生 461,846 1.4492
17 苏州敦行 400,000 1.2552
18 夏尔巴二期 392,954 1.2330
19 陈志华 300,400 0.9426
20 耿卫东 300,000 0.9414
21 甘李药业 235,772 0.7398
22 骏耀投资 200,000 0.6276
23 朱勤华 194,081 0.6090
24 吴征涛 157,182 0.4932
25 国药二期 155,625 0.4883
26 华泰大健康二号 120,034 0.3767
苏州赛分科技股份有限公司                            首次公开发行股票并在科创板上市招股说明书
1-1-61
序号 股东姓名/名称 股份数量（股） 持股比例（%）
27 聚贝投资 117,886 0.3699
28 唐斌 30,041 0.0943
29 道兴投资 28,079 0.0881
30 张敏 20,654 0.0648
31 圣成投资 9,699 0.0304
32 圣祁投资 1,556 0.0049
合计 31,868,556 100.0000
该次增资中， 赛分科技全体股东共同签署了 《苏州赛分科技股份有限公司之
股东协议》，约定了投资方的特别权利，包括优先认购权、优先购买权、共同出
售权、反稀释权、优先清算权、回赎权等。并确认该股东协议为约定股东权利、
义务的唯一和全部协议， 该股东协议之前的有关股东权利、 义务的任何协议均告
终止。
该股东协议第 3.1.2 条“特别权利的终止”，明确约定“投资人和其他股东
在此分别确认并同意， 为使公司顺利实现合格首次公开发行之目的， 本协议项下
其优先认购权、优先购买权、共同出售权、反稀释权、优先分配利润的权利、优
先清算权、 回赎权、 最优惠待遇以及任何其他可能构成公司合格首次公开发行的
实质法律障碍或对公司上市进程造成任何重大不利影响的条款自公司合格首次
公开发行申报基准日起或其另行书面同意的更早时点起不可撤销地终止并自始
无效。”
鉴于本次发行的申报基准日为 2022 年 6 月 30 日， 该股东协议约定的投资方
的特别权利，均自 2022 年 6 月 30 日起不可撤销地终止，并自始无效。",,TEXT,27e3bbf165676fd7cbc0ff45f67ec9a88f29c1c4933276e54d5caf6b32ababeb,,DISCLOSED,FINAL_APPROVED
EVD-688758-0007-01,688758,EVT-688758-0007,,,seven_companies_final_manual_review_completed.xlsx::证据索引,62,64,1-1-61,1-1-63,6、2021 年 12 月，报告期内第一次资本公积转增股本,"[{""pdf_page"": 62, ""line_start"": 24, ""line_end"": 30}, {""pdf_page"": 63, ""line_start"": 0, ""line_end"": 34}, {""pdf_page"": 64, ""line_start"": 0, ""line_end"": 5}]","6、2021 年 12 月，报告期内第一次资本公积转增股本
2021 年 12 月 6 日，赛分科技召开 2021 年第三次临时股东大会决议，决议
同意赛分科技以 2021 年 11 月 25 日总股本 31,868,556 股为基数，以资本公积金
向公司现有全体股东每 10 股转增 105 股， 共计转增股本334,619,838 股， 每股面
值 1 元。 本次转增完成后， 公司股本总数由31,868,556 股变更为 366,488,394 股，
并同步修改《公司章程》。
2021 年 12 月 15 日，赛分科技取得了江苏省市场监督管理局换发的《营业
苏州赛分科技股份有限公司                            首次公开发行股票并在科创板上市招股说明书
1-1-62
执照》。
本次增资完成后，赛分科技的股权结构如下：
序号 股东姓名/名称 股份数量（股） 持股比例（%）
1 黄学英 92,364,177 25.2025
2 周金清 32,200,000 8.7861
3 高新同华 31,050,000 8.4723
4 陆民 29,601,000 8.0769
5 国寿疌泉 28,757,073 7.8467
6 华泰大健康一号 20,146,701 5.4972
7 源峰磐赛 18,075,873 4.9322
8 苏州贤达 15,427,250 4.2095
9 复星惟盈 14,531,642 3.9651
10 苏州博达 13,217,974 3.6067
11 苏州杰贤 7,990,200 2.1802
12 潘鼎 7,268,000 1.9831
13 珠海峦恒 7,230,349 1.9729
14 高瓴祈睿 7,230,349 1.9729
15 海佳同康 5,451,000 1.4874
16 国药中生 5,311,229 1.4492
17 苏州敦行 4,600,000 1.2552
18 夏尔巴二期 4,518,971 1.2330
19 陈志华 3,454,600 0.9426
20 耿卫东 3,450,000 0.9414
21 甘李药业 2,711,378 0.7398
22 骏耀投资 2,300,000 0.6276
23 朱勤华 2,231,932 0.6090
24 吴征涛 1,807,593 0.4932
25 国药二期 1,789,688 0.4883
26 华泰大健康二号 1,380,391 0.3767
27 聚贝投资 1,355,689 0.3699
28 唐斌 345,472 0.0943
29 道兴投资 322,909 0.0881
30 张敏 237,521 0.0648
苏州赛分科技股份有限公司                            首次公开发行股票并在科创板上市招股说明书
1-1-63
序号 股东姓名/名称 股份数量（股） 持股比例（%）
31 圣成投资 111,539 0.0304
32 圣祁投资 17,894 0.0049
合计 366,488,394 100.0000",,TEXT,45ad6aa86e91ba2a98a24a9490d563af8dd8c8c9ad9df7b052026188c730d3a9,,DISCLOSED,FINAL_APPROVED
EVD-688775-0001-01,688775,EVT-688775-0001,,,seven_companies_final_manual_review_completed.xlsx::证据索引,62,63,1-1-62,1-1-63,1、有限公司设立情况,"[{""pdf_page"": 62, ""line_start"": 47, ""line_end"": 48}, {""pdf_page"": 63, ""line_start"": 0, ""line_end"": 7}]","1、有限公司设立情况
2015 年 7 月 9 日，北京岚锋以货币出资方式设立深圳岚锋，公司注册资本
影石创新科技股份有限公司                                   招股说明书
1-1-63
1,000.00 万元。同日，深圳市市场监督管理局向深圳岚锋签发了《营业执照》
（社会信用统一代码：91440300342470600P）。
深圳岚锋设立时，出资情况如下：
序号 股东名称 出资额（万元） 持股比例（%）
1 北京岚锋 1,000.00 100.00
合计 1,000.00 100.00",,TEXT,c1f27122909de94aa62303c02d1ddbed7acff2e67fb4ef6f2f61d647f225fcbe,,DISCLOSED,FINAL_APPROVED
EVD-688775-0002-01,688775,EVT-688775-0002,,,seven_companies_final_manual_review_completed.xlsx::证据索引,63,64,1-1-63,1-1-64,2、股份公司设立情况,"[{""pdf_page"": 63, ""line_start"": 8, ""line_end"": 29}, {""pdf_page"": 64, ""line_start"": 0, ""line_end"": 28}]","2、股份公司设立情况
2020 年 1 月 3 日，深圳岚锋召开董事会，全体董事一致同意将深圳岚锋变
更为股份公司，名称拟定为“影石创新科技股份有限公司” 。同日，深圳岚锋全
体股东签署了《影石创新科技股份有限公司发起人协议》 。
截至 2019 年 10 月 31 日，深圳岚锋账面净资产为 52,728.05 万元。深圳岚锋
全体股东以其拥有的截至 2019 年 10 月 31 日（股改基准日）的净资产 52,728.05
万元出资，并按照 1：1.4647 的比例折合股本 36,000.00 万元，其余计入资本公
积。截至 2020 年 1 月 18 日，公司已收到全体股东缴纳的注册资本合计人民币
36,000.00 万元，出资方式为净资产折股。
深圳岚锋在评估基准日（2019 年 10 月 31 日）净资产评估价值为 54,553.14
万元。
2020 年 1 月 18 日，公司召开创立大会暨第一次临时股东大会，审议通过成
立影石创新科技股份有限公司等事宜，并签署了《影石创新科技股份有限公司
章程》 。
2020 年 2 月 26 日，深圳市市场监督管理局核准了本次备案登记，并签发了
新的《营业执照》 。
影石创新设立时，股本结构如下：
序号 股东名称 股份数（万股） 持股比例（%）
1 北京岚锋 10,777.5453 29.9376
2 EARN ACE 4,796.6179 13.3239
3 QM101 3,384.0413 9.4001
4 香港迅雷 3,143.7542 8.7327
影石创新科技股份有限公司                                   招股说明书
1-1-64
序号 股东名称 股份数（万股） 持股比例（%）
5 岚沣管理 1,464.0237 4.0667
6 华金同达 1,436.7094 3.9909
7 厦门富凯 1,332.1116 3.7003
8 澜烽管理 1,171.2193 3.2534
9 伊敦传媒 976.4985 2.7125
10 领誉基石 960.1358 2.6670
11 中证投资 911.2616 2.5313
12 金石智娱 911.2486 2.5312
13 芜湖旷沄 638.5374 1.7737
14 朗玛六号 600.5396 1.6682
15 天正投资 584.9989 1.6250
16 朗玛五号 540.4859 1.5013
17 深圳麦高 468.0393 1.3001
18 朗玛九号 455.3182 1.2648
19 德朴投资 287.0651 0.7974
20 朗玛十四号 224.9975 0.6250
21 利得鑫投 216.0001 0.6000
22 汇智同裕 191.5613 0.5321
23 华金创盈 157.4973 0.4375
24 岚烽管理 145.8319 0.4051
25 威明投资 89.9968 0.2500
26 山东龙兴（SS） 70.3268 0.1954
27 知盛投资 63.6367 0.1768
合计 36,000.00 100.00
注：根据《上市公司国有股权监督管理办法》的规定，国有股东的证券账户应标注“ SS”，
SS 为“State-owned Shareholders”的简称，即国有股东",,TEXT,645d790fa6cef589717fba9590e694136cd6805a4069d7d4b4537461d8e17fc2,,DISCLOSED,FINAL_APPROVED
EVD-688775-0003-01,688775,EVT-688775-0003,,,seven_companies_final_manual_review_completed.xlsx::证据索引,65,66,1-1-65,1-1-66,1、2023 年 3 月，股份公司第一次股权转让,"[{""pdf_page"": 65, ""line_start"": 31, ""line_end"": 33}, {""pdf_page"": 66, ""line_start"": 0, ""line_end"": 1}]","1、2023 年 3 月，股份公司第一次股权转让
2023 年 1 月 28 日和 2023 年 2 月 17 日，影石创新分别召开董事会和股东大
会并形成决议，同意德朴投资以 1,462.7126 万元的对价向汇智同裕转让股本
影石创新科技股份有限公司                                   招股说明书
1-1-66",,TEXT,6d1858e21741e4db2fed9c6689bf0136bf0a379db08ea4f8040c430423251c0e,,DISCLOSED,FINAL_APPROVED
EVD-920100-0001-01,920100,EVT-920100-0001,,,seven_companies_final_manual_review_completed.xlsx::证据索引,39,39,1-1-39,1-1-39,2021 年 3 月，上述股权代持已解除， 涉及代持各方不存在纠纷或潜在纠纷， 上述股权代持情况,"[{""pdf_page"": 39, ""line_start"": 14, ""line_end"": 16}]","2021 年 3 月，上述股权代持已解除， 涉及代持各方不存在纠纷或潜在纠纷， 上述股权代持情况
不影响发行人股权有效性，不构成本次发行的实质性法律障碍。截至本招股说明书签署日，公司不
存在股权代持的情况。",,TEXT,129a401db0e5bdcd01a9468f227b64ac855a19b9c557f4db20eadef6b550aec7,,DISCLOSED,FINAL_APPROVED
EVD-920116-0001-01,920116,EVT-920116-0001,,,seven_companies_final_manual_review_completed.xlsx::证据索引,35,36,1-1-35,1-1-36,2023 年 5 月 16 日，公司在全国股转系统网站发布《股票定向发行新增股份在全国,"[{""pdf_page"": 35, ""line_start"": 26, ""line_end"": 28}, {""pdf_page"": 36, ""line_start"": 0, ""line_end"": 0}]","2023 年 5 月 16 日，公司在全国股转系统网站发布《股票定向发行新增股份在全国
股份转让系统挂牌并公开转让的公告》 ， 本次定向发行新增股份于2023 年 5 月 19 日起
在全国中小企业股份转让系统挂牌并公开转让。
1-1-36",,TEXT,9cd5d30beee1d5e047fc3c868a2f054922c1a7382204961f95addb063710d77f,,DISCLOSED,FINAL_APPROVED
EVD-920116-0001-02,920116,EVT-920116-0001,,,seven_companies_final_manual_review_completed.xlsx::证据索引,35,35,1-1-35,1-1-35,2023 年 5 月 16 日，公司在全国股转系统网站发布《股票定向发行新增股份在全国,"[{""pdf_page"": 35, ""line_start"": 2, ""line_end"": 22}]","公司于全国股转系统挂牌后，报告期内共进行过一次定向发行，具体情况如下：
2023 年 3 月 28 日，公司召开第一届董事会第六次会议，审议通过了《关于<中科
星图测控技术股份有限公司 2023 年第一次股票定向发行说明书>的议案》《关于<中科
星图测控技术股份有限公司 2023 年员工持股计划 （草案）>的议案》 等相关议案。 同日，
公司召开第一届监事会第三次会议，审议通过了《关于<中科星图测控技术股份有限公
司 2023 年第一次股票定向发行说明书>的议案》《关于<中科星图测控技术股份有限公
司 2023 年员工持股计划（草案）>的议案》等相关议案。
2023 年 4 月 12 日，公司召开 2023 年第三次临时股东大会，审议通过了《关于<中
科星图测控技术股份有限公司 2023 年第一次股票定向发行说明书>的议案》《关于<中
科星图测控技术股份有限公司 2023 年员工持股计划（草案）>的议案》等相关议案。
2023 年 4 月 26 日，全国股转公司印发《关于同意中科星图测控技术股份有限公司
股票定向发行的函》（股转函〔2023〕876 号）。本次股票发行股数为 7,500,000 股，
每股价格为人民币 6.30 元，募集资金总额为 47,250,000.00 元。
本次发行的具体情况如下：
序号 发行对象名称 认购数量（股） 认购金额（元） 认购方式
1 策星银河 2,790,000 17,577,000.00 现金
2 策星逐日 1,710,000 10,773,000.00 现金
3 幸福二期 3,000,000 18,900,000.00 现金
合计 7,500,000 47,250,000.00 -
2023 年 5 月 9 日，立信会计师出具《验资报告》（信会师报字[2023]第 ZG11482
号），经审验，截至 2023 年 5 月 8 日止，公司已定向发行人民币普通股 7,500,000 股，",,TEXT,41fc3fb4dae489746e32b1aa59cd81c1e27973567e8e6d6ea40f298826a706cc,,DISCLOSED,FINAL_APPROVED
EVD-920116-0001-03,920116,EVT-920116-0001,,,seven_companies_final_manual_review_completed.xlsx::证据索引,35,35,1-1-35,1-1-35,2023 年 5 月 16 日，公司在全国股转系统网站发布《股票定向发行新增股份在全国,"[{""pdf_page"": 35, ""line_start"": 5, ""line_end"": 25}]","星图测控技术股份有限公司 2023 年员工持股计划 （草案）>的议案》 等相关议案。 同日，
公司召开第一届监事会第三次会议，审议通过了《关于<中科星图测控技术股份有限公
司 2023 年第一次股票定向发行说明书>的议案》《关于<中科星图测控技术股份有限公
司 2023 年员工持股计划（草案）>的议案》等相关议案。
2023 年 4 月 12 日，公司召开 2023 年第三次临时股东大会，审议通过了《关于<中
科星图测控技术股份有限公司 2023 年第一次股票定向发行说明书>的议案》《关于<中
科星图测控技术股份有限公司 2023 年员工持股计划（草案）>的议案》等相关议案。
2023 年 4 月 26 日，全国股转公司印发《关于同意中科星图测控技术股份有限公司
股票定向发行的函》（股转函〔2023〕876 号）。本次股票发行股数为 7,500,000 股，
每股价格为人民币 6.30 元，募集资金总额为 47,250,000.00 元。
本次发行的具体情况如下：
序号 发行对象名称 认购数量（股） 认购金额（元） 认购方式
1 策星银河 2,790,000 17,577,000.00 现金
2 策星逐日 1,710,000 10,773,000.00 现金
3 幸福二期 3,000,000 18,900,000.00 现金
合计 7,500,000 47,250,000.00 -
2023 年 5 月 9 日，立信会计师出具《验资报告》（信会师报字[2023]第 ZG11482
号），经审验，截至 2023 年 5 月 8 日止，公司已定向发行人民币普通股 7,500,000 股，
每股发行价格 6.30 元，共募集资金人民币 47,250,000.00 元，扣除不含税发行费用人民
币 561,084.91 元，实际募集资金净额人民币 46,688,915.09 元，其中增加注册资本人民
币 7,500,000.00 元，增加资本公积 39,188,915.09 元。",,TEXT,0cb6be811c0079df0cc0707d660fd133c85769ccdb0243083ccdd2921c0f500a,,DISCLOSED,FINAL_APPROVED
EVD-920116-0001-04,920116,EVT-920116-0001,,,seven_companies_final_manual_review_completed.xlsx::证据索引,35,35,1-1-35,1-1-35,2023 年 5 月 16 日，公司在全国股转系统网站发布《股票定向发行新增股份在全国,"[{""pdf_page"": 35, ""line_start"": 8, ""line_end"": 28}]","司 2023 年员工持股计划（草案）>的议案》等相关议案。
2023 年 4 月 12 日，公司召开 2023 年第三次临时股东大会，审议通过了《关于<中
科星图测控技术股份有限公司 2023 年第一次股票定向发行说明书>的议案》《关于<中
科星图测控技术股份有限公司 2023 年员工持股计划（草案）>的议案》等相关议案。
2023 年 4 月 26 日，全国股转公司印发《关于同意中科星图测控技术股份有限公司
股票定向发行的函》（股转函〔2023〕876 号）。本次股票发行股数为 7,500,000 股，
每股价格为人民币 6.30 元，募集资金总额为 47,250,000.00 元。
本次发行的具体情况如下：
序号 发行对象名称 认购数量（股） 认购金额（元） 认购方式
1 策星银河 2,790,000 17,577,000.00 现金
2 策星逐日 1,710,000 10,773,000.00 现金
3 幸福二期 3,000,000 18,900,000.00 现金
合计 7,500,000 47,250,000.00 -
2023 年 5 月 9 日，立信会计师出具《验资报告》（信会师报字[2023]第 ZG11482
号），经审验，截至 2023 年 5 月 8 日止，公司已定向发行人民币普通股 7,500,000 股，
每股发行价格 6.30 元，共募集资金人民币 47,250,000.00 元，扣除不含税发行费用人民
币 561,084.91 元，实际募集资金净额人民币 46,688,915.09 元，其中增加注册资本人民
币 7,500,000.00 元，增加资本公积 39,188,915.09 元。
2023 年 5 月 16 日，公司在全国股转系统网站发布《股票定向发行新增股份在全国
股份转让系统挂牌并公开转让的公告》 ， 本次定向发行新增股份于2023 年 5 月 19 日起
在全国中小企业股份转让系统挂牌并公开转让。",,TEXT,ed4ef4f181ff8f2f317c975165e088186105046ef33bec34e078f21ce842e64e,,DISCLOSED,FINAL_APPROVED
EVD-920116-0001-05,920116,EVT-920116-0001,,,seven_companies_final_manual_review_completed.xlsx::证据索引,35,36,1-1-35,1-1-36,2023 年 5 月 16 日，公司在全国股转系统网站发布《股票定向发行新增股份在全国,"[{""pdf_page"": 35, ""line_start"": 20, ""line_end"": 28}, {""pdf_page"": 36, ""line_start"": 0, ""line_end"": 11}]","合计 7,500,000 47,250,000.00 -
2023 年 5 月 9 日，立信会计师出具《验资报告》（信会师报字[2023]第 ZG11482
号），经审验，截至 2023 年 5 月 8 日止，公司已定向发行人民币普通股 7,500,000 股，
每股发行价格 6.30 元，共募集资金人民币 47,250,000.00 元，扣除不含税发行费用人民
币 561,084.91 元，实际募集资金净额人民币 46,688,915.09 元，其中增加注册资本人民
币 7,500,000.00 元，增加资本公积 39,188,915.09 元。
2023 年 5 月 16 日，公司在全国股转系统网站发布《股票定向发行新增股份在全国
股份转让系统挂牌并公开转让的公告》 ， 本次定向发行新增股份于2023 年 5 月 19 日起
在全国中小企业股份转让系统挂牌并公开转让。
1-1-36
（九） 报告期内重大资产重组情况
报告期内，公司未发生重大资产重组。
（十） 报告期内控制权变动情况
报告期内，公司控股股东、实际控制人未发生变动。
（十一） 报告期内股利分配情况
报告期内，公司未进行过股利分配。
三、 发行人的股权结构
截至报告期末，公司的股权结构如下：
四、 发行人股东及实际控制人情况
（一） 控股股东、实际控制人情况
1、控股股东",,TEXT,3f4e414b9c4078ef6c95bf7abd233eec75a93d10c1347fd78d67aa0612cf25a0,,DISCLOSED,FINAL_APPROVED
CE-001-E01,301563,CE-001,,,301563_云汉芯城_IPO招股说明书.pdf,55,55,54,54,（二）云汉有限的设立情况,,2008年4月17日，深圳市云汉电子有限公司和刘云锋共同申请设立公司前身上海云汉电子有限公司，注册资本为50万元；深圳云汉电子和刘云锋各认缴25万元、各占50%。,25万元、50万元和50%均为原文披露值。,TEXT,,设立申请时间；设立申请人；初始注册资本；认缴出资；原文持股比例,DISCLOSED,FINAL_APPROVED
CE-001-E02,301563,CE-001,,,301563_云汉芯城_IPO招股说明书.pdf,55,55,54,54,（二）云汉有限的设立情况,,2008年5月5日，上海德欣会计师事务所有限公司对上海云汉电子有限公司（筹）截至2008年5月4日的出资情况进行了审验，并出具沪德欣（2008）验字第5205号《验资报告》，确认50万元出资已于登记之前足额缴纳。,不将2008-05-04推定为每名股东的具体缴款日。,TEXT,,验资截止日；验资报告日；验资机构；验资报告编号；足额缴纳事实,DISCLOSED,FINAL_APPROVED
CE-001-E03,301563,CE-001,,,301563_云汉芯城_IPO招股说明书.pdf,55,55,54,54,（二）云汉有限的设立情况,,2021年10月28日，容诚会计师出具验资复核报告，对2008年的验资情况进行复核。,历史验资证据复核，不是新的出资、增资或公司设立事件。,TEXT,,后续验资复核时间及性质,DISCLOSED,FINAL_APPROVED
CE-001-E04,301563,CE-001,,,301563_云汉芯城_IPO招股说明书.pdf,55,55,54,54,（二）云汉有限的设立情况,,2008年5月7日，上海云汉电子有限公司办理完毕工商登记手续，并取得上海市工商行政管理局松江分局下发的《企业法人营业执照》，注册号为310227001377671。,,TEXT,,工商设立登记完成时间；登记机关；营业执照；注册号,DISCLOSED,FINAL_APPROVED
CE-001-E05,301563,CE-001,,,301563_云汉芯城_IPO招股说明书.pdf,56,56,55,55,（二）云汉有限的设立情况,,设立时股东表：深圳市云汉电子有限公司注册资本25.00万元、持股50.00%；刘云锋注册资本25.00万元、持股50.00%；合计50.00万元、100.00%。,表格原文披露值，不重新计算。,TABLE,,设立时股东；注册资本；原文持股比例,DISCLOSED,FINAL_APPROVED
CE-001-E06,301563,CE-001,,,301563_云汉芯城_IPO招股说明书.pdf,56,56,55,55,（三）云汉有限设立以来股本演变情况,,流程图节点：2008年5月，有限公司设立，注册资本50万元；由深圳云汉电子和刘云锋共同出资设立。,属于对设立正文的概括性重复披露，不另建第二个设立事件。,FIGURE,,事件标题时间；流程图概括；设立股东,DISCLOSED,FINAL_APPROVED
CE-002-E01,301563,CE-002,,,301563_云汉芯城_IPO招股说明书.pdf,56,56,55,55,（三）云汉有限设立以来股本演变情况,,2009年12月，有限公司第一次股权转让及增资，注册资本增至100万元。,流程图左侧事件节点；月份级概括，不能替代协议、缴款或工商日期。,FIGURE,,事件标题时间；复合事件类型；增资后注册资本,DISCLOSED,FINAL_APPROVED
CE-002-E02,301563,CE-002,,,301563_云汉芯城_IPO招股说明书.pdf,56,56,55,55,（三）云汉有限设立以来股本演变情况,,深圳市云汉电子有限公司将其持有的有限公司50%股权转让给曾烨，曾烨、刘云锋按原持股比例增资50万元，注册资本增至100万元。,流程图右侧说明框。各自增资额、转让价格、协议日、缴款日和工商变更日均未披露。,FIGURE,,转让方；受让方；转让标的；全部转让判断；增资参与方；合计增资额；增资后注册资本；行为先后关系,DISCLOSED,FINAL_APPROVED
CE-003-E01,301563,CE-003,,,301563_云汉芯城_IPO招股说明书.pdf,56,56,55,55,（三）云汉有限设立以来股本演变情况,,“2014年6月，有限公司第二次股权转让，注册资本100万元。”,流程图左侧节点；日期仅精确到月份。,FIGURE,,事件标题时间；事件类型；注册资本,DISCLOSED,FINAL_APPROVED
CE-003-E02,301563,CE-003,,,301563_云汉芯城_IPO招股说明书.pdf,56,56,55,55,（三）云汉有限设立以来股本演变情况,,“刘云锋将其持有的15.75%、6.85%的股权分别转让给曾烨、为赛咨询。”,流程图右侧说明框。,FIGURE,,转让方；受让方；分别转让比例；变化方向,DISCLOSED,FINAL_APPROVED
CE-004-E01,301563,CE-004,,,301563_云汉芯城_IPO招股说明书.pdf,56,56,55,55,云汉有限设立以来股本演变情况,,“2014年8月，有限公司第二次增资，注册资本增至128.205万元。”,,FIGURE,,标题时间；事件类型；增资后注册资本,DISCLOSED,FINAL_APPROVED
CE-004-E02,301563,CE-004,,,301563_云汉芯城_IPO招股说明书.pdf,56,56,55,55,云汉有限设立以来股本演变情况,,“力源信息、东方富海及芜湖富海共同增资28.205万元。”,,FIGURE,,增资方；合计增资额；新增股东方向,DISCLOSED,FINAL_APPROVED
CE-005-E01,301563,CE-005,,,301563_云汉芯城_IPO招股说明书.pdf,56,56,55,55,云汉有限设立以来股本演变情况,,“2015年1月，有限公司第三次增资，注册资本增至136.9864万元。”,,FIGURE,,标题时间；事件类型；注册资本,DISCLOSED,FINAL_APPROVED
CE-005-E02,301563,CE-005,,,301563_云汉芯城_IPO招股说明书.pdf,56,56,55,55,云汉有限设立以来股本演变情况,,“力源信息、东方富海及芜湖富海共同增资8.78714万元。”,,FIGURE,,增资方；合计增资额；既有股东增资方向,DISCLOSED,FINAL_APPROVED
CE-006-E01,301563,CE-006,,,301563_云汉芯城_IPO招股说明书.pdf,56,56,55,55,云汉有限设立以来股本演变情况,,"“2015年3月，有限公司第四次增资，注册资本增至2,000万元。”",,FIGURE,,标题时间；事件类型；注册资本,DISCLOSED,FINAL_APPROVED
CE-006-E02,301563,CE-006,,,301563_云汉芯城_IPO招股说明书.pdf,56,56,55,55,云汉有限设立以来股本演变情况,,“新增注册资本由各股东按照其持股比例以资本公积转增。”,,FIGURE,,资本来源；转增对象；非现金增资性质,DISCLOSED,FINAL_APPROVED
CE-007-E01,301563,CE-007,,,301563_云汉芯城_IPO招股说明书.pdf,57,57,56,56,云汉有限设立以来股本演变情况,,"“2015年8月，有限公司第五次增资，注册资本增至2,158.2733万元。”",,FIGURE,,标题时间；事件类型；增资后注册资本,DISCLOSED,FINAL_APPROVED
CE-007-E02,301563,CE-007,,,301563_云汉芯城_IPO招股说明书.pdf,57,57,56,56,云汉有限设立以来股本演变情况,,“深创投、丰利财富、镇江红土、昆山红土、富海深湾、芜湖富海共同增资158.2733万元。”,,FIGURE,,增资方；合计增资额；新增/增加方向,DISCLOSED,FINAL_APPROVED
CE-008-E01,301563,CE-008,,,301563_云汉芯城_IPO招股说明书.pdf,53,53,52,52,发行人的设立方式,,2015年9月1日股东会决议，以2015年8月31日为基准日整体变更。,,TEXT,,股东会决议日；审计评估基准日；整体变更方案,DISCLOSED,FINAL_APPROVED
CE-008-E02,301563,CE-008,,,301563_云汉芯城_IPO招股说明书.pdf,54,54,53,53,发行人的设立方式,,"2015年10月13日审计报告确认净资产45,010,412.64元。",,TEXT,,审计报告日；审计净资产,DISCLOSED,FINAL_APPROVED
CE-008-E03,301563,CE-008,,,301563_云汉芯城_IPO招股说明书.pdf,54,54,53,53,发行人的设立方式,,"2015年10月14日评估报告确认净资产评估值4,773.16万元。",,TEXT,,评估报告日；评估值,DISCLOSED,FINAL_APPROVED
CE-008-E04,301563,CE-008,,,301563_云汉芯城_IPO招股说明书.pdf,54,54,53,53,发行人的设立方式,,"2015年10月15日全体发起人签署发起人协议，按1.1253:1折为4,000万股。",,TEXT,,协议签署日；折股比例；股本；资本公积,DISCLOSED,FINAL_APPROVED
CE-008-E05,301563,CE-008,,,301563_云汉芯城_IPO招股说明书.pdf,54,54,53,53,发行人的设立方式,,2015年10月30日召开创立大会并出具验资报告，确认出资全部到位。,,TEXT,,创立大会日；验资报告日；出资到位,DISCLOSED,FINAL_APPROVED
CE-008-E06,301563,CE-008,,,301563_云汉芯城_IPO招股说明书.pdf,54,54,53,53,发行人的设立方式,,2015年12月3日工商核准整体变更并换发股份公司营业执照。,,TEXT,,工商变更日；整体变更完成,DISCLOSED,FINAL_APPROVED
CE-008-E07,301563,CE-008,,,301563_云汉芯城_IPO招股说明书.pdf,54,55,53—54,53—54,发行人的设立方式,,整体变更时11名发起人持股数量及比例表。,,TABLE,,发起人名单；原文股份数量和比例,DISCLOSED,FINAL_APPROVED
CE-009-E01,301563,CE-009,,,301563_云汉芯城_IPO招股说明书.pdf,58,58,57,57,股份公司第一次股权转让,,"2018年4月28日，丰利财富将全部666,680股转让给天健创投，价款1,000万元。",,TEXT,,协议日；转让方；受让方；全部股份；价款,DISCLOSED,FINAL_APPROVED
CE-009-E02,301563,CE-009,,,301563_云汉芯城_IPO招股说明书.pdf,58,59,57—58,57—58,股份公司第一次股权转让,,"转让后股东表列示天健创投666,680股、1.67%，不再列示丰利财富。",,TABLE,,新增与退出方向；变更后状态,DISCLOSED,FINAL_APPROVED
CE-010-E01,301563,CE-010,,,301563_云汉芯城_IPO招股说明书.pdf,59,59,58,58,增加注册资本暨第二次股权转让,,2018年6月12日签署增资与股权转让协议，列明六方增资及四笔股份转让。,,TEXT,,协议日；外部增资方；转让方和受让方；原文金额与股数,DISCLOSED,FINAL_APPROVED
CE-010-E02,301563,CE-010,,,301563_云汉芯城_IPO招股说明书.pdf,60,60,59,59,增加注册资本暨第二次股权转让,,2018年6月12日股东大会同意四名管理团队成员合计认缴新增注册资本120万元。,,TEXT,,股东大会决议；股权激励对象；各自认缴额,DISCLOSED,FINAL_APPROVED
CE-010-E03,301563,CE-010,,,301563_云汉芯城_IPO招股说明书.pdf,60,60,59,59,增加注册资本暨第二次股权转让,,2018年6月28日完成夏东、南山富海、珠海拓域及四名激励对象的工商变更。,,TEXT,,"第一批工商变更日；注册资本4,264.3373万元",DISCLOSED,FINAL_APPROVED
CE-010-E04,301563,CE-010,,,301563_云汉芯城_IPO招股说明书.pdf,60,60,59,59,增加注册资本暨第二次股权转让,,2018年7月27日完成国科瑞华、CASREV FUND、中科贵银增资登记。,,TEXT,,"第二批工商变更日；注册资本4,635万元",DISCLOSED,FINAL_APPROVED
CE-010-E05,301563,CE-010,,,301563_云汉芯城_IPO招股说明书.pdf,60,61,59—60,59—60,增加注册资本暨第二次股权转让,,变更后股东表列示六名外部增资方、四名激励对象及三名股份受让方。,,TABLE,,新增股东；转让后继续持股；变更后状态,DISCLOSED,FINAL_APPROVED
CE-010-E06,301563,CE-010,,,301563_云汉芯城_IPO招股说明书.pdf,60,60,59,59,增加注册资本暨第二次股权转让,,2020年12月16日验资报告对本次增资进行验证。,,TEXT,,后续验资报告日,DISCLOSED,FINAL_APPROVED
CE-011-E01,301563,CE-011,,,301563_云汉芯城_IPO招股说明书.pdf,61,61,60,60,股份公司第三次股权转让,,2019年8月13日，为赛咨询分别向李文发、秦国君转让40万股，价款各40万元。,,TEXT,,协议日；转让方；受让方；股数；价款,DISCLOSED,FINAL_APPROVED
CE-011-E02,301563,CE-011,,,301563_云汉芯城_IPO招股说明书.pdf,61,61,60,60,股份公司第三次股权转让,,两人于2019年8月12日分别转出为赛咨询21.58%财产份额并退伙。,,TEXT,,退伙协议日；合伙份额；关联安排,DISCLOSED,FINAL_APPROVED
CE-011-E03,301563,CE-011,,,301563_云汉芯城_IPO招股说明书.pdf,61,62,60—61,60—61,股份公司第三次股权转让,,"转让后为赛咨询持股1,053,360股，李文发、秦国君各持600,000股。",,TABLE,,持股减少和增加；未退出判断,DISCLOSED,FINAL_APPROVED
CE-012-E01,301563,CE-012,,,301563_云汉芯城_IPO招股说明书.pdf,62,62,61,61,股份公司第二次增资,,"2020年5月20日股东大会决议并签署增资协议，火炬电子现金5,000万元认购113.0488万股。",,TEXT,,决议日；协议日；增资方；现金额；新增股份,DISCLOSED,FINAL_APPROVED
CE-012-E02,301563,CE-012,,,301563_云汉芯城_IPO招股说明书.pdf,62,62,61,61,股份公司第二次增资,,2020年5月28日完成市场监督管理变更备案。,,TEXT,,工商备案日；增资完成节点,DISCLOSED,FINAL_APPROVED
CE-012-E03,301563,CE-012,,,301563_云汉芯城_IPO招股说明书.pdf,62,62,61,61,股份公司第二次增资,,2020年12月16日验资报告对本次增资进行验证。,,TEXT,,验资报告日,DISCLOSED,FINAL_APPROVED
CE-012-E04,301563,CE-012,,,301563_云汉芯城_IPO招股说明书.pdf,62,63,61—62,61—62,股份公司第二次增资,,"增资后股东表首次列示火炬电子1,130,488股。",,TABLE,,新增股东方向；变更后状态,DISCLOSED,FINAL_APPROVED
CE-013-E01,301563,CE-013,,,301563_云汉芯城_IPO招股说明书.pdf,63,63,62,62,第三次增资和第四次股权转让,,2020年9月15日股东大会同意厦门西堤、中小企业基金认购新增股份。,,TEXT,,决议日；增资方；现金额；新增股份；注册资本,DISCLOSED,FINAL_APPROVED
CE-013-E02,301563,CE-013,,,301563_云汉芯城_IPO招股说明书.pdf,63,64,62—63,62—63,第三次增资和第四次股权转让,,2020年12月16日验资报告对本次增资进行验证。,,TEXT,,验资报告日,DISCLOSED,FINAL_APPROVED
CE-013-E03,301563,CE-013,,,301563_云汉芯城_IPO招股说明书.pdf,64,64,63,63,第三次增资和第四次股权转让,,原文表格列示四名转让方向八名受让主体实施十笔股份转让。,,TABLE,,转让方；受让方；逐笔股数和价款；合计股数,DISCLOSED,FINAL_APPROVED
CE-013-E04,301563,CE-013,,,301563_云汉芯城_IPO招股说明书.pdf,64,64,63,63,第三次增资和第四次股权转让,,2020年9月23日完成工商变更登记；原文披露每股价格约51.6元。,,TEXT,,工商变更日；原文每股价格和估值,DISCLOSED,FINAL_APPROVED
CE-013-E05,301563,CE-013,,,301563_云汉芯城_IPO招股说明书.pdf,64,65,63—64,63—64,第三次增资和第四次股权转让,,变更后股东表列示两名增资方及各股份受让方，四名转让方仍持股。,,TABLE,,新增、增加、减少和未退出判断,DISCLOSED,FINAL_APPROVED
CE-014-E01,301563,CE-014,,,301563_云汉芯城_IPO招股说明书.pdf,65,65,64,64,对赌协议解除相关情况,,2021年9月30日，各轮相关方分别签署特殊权利条款终止协议。,,TEXT,,共同终止协议日；终止范围；无自动恢复,DISCLOSED,FINAL_APPROVED
CE-014-E02,301563,CE-014,,,301563_云汉芯城_IPO招股说明书.pdf,65,66,64—65,64—65,对赌协议解除相关情况,,2023年8月，各轮投资人确认发行人自始不存在回购、补偿义务。,,TEXT,,确认函日期；发行人非义务方,DISCLOSED,FINAL_APPROVED
CE-014-E03,301563,CE-014,,,301563_云汉芯城_IPO招股说明书.pdf,70,70,69,69,对赌协议解除相关情况,,优先购买、共同出售、反稀释、优先清算和公司治理等特殊权利均已终止且不恢复。,,TEXT,,其他特殊权利终止；无恢复条款,DISCLOSED,FINAL_APPROVED
CE-014-E04,301563,CE-014,,,301563_云汉芯城_IPO招股说明书.pdf,70,70,69,69,对赌协议解除相关情况,,原文结论：不存在因对赌协议导致控制权不稳定或严重影响持续经营的情形。,,TEXT,,发行人层面法律效果,DISCLOSED,FINAL_APPROVED
CE-014-A-E01,301563,CE-014-A,,,301563_云汉芯城_IPO招股说明书.pdf,65,66,64—65,64—65,A轮条款,,A轮投资方为力源信息、东方富海、芜湖富海；含拖售权及2015年营业收入承诺。,,TABLE,,投资方；条款类型；业绩指标,DISCLOSED,FINAL_APPROVED
CE-014-A-E02,301563,CE-014-A,,,301563_云汉芯城_IPO招股说明书.pdf,65,66,64—65,64—65,A轮条款,,拖售权未履行，2018年6月被替代并于2021年9月30日终止；业绩承诺完成。,,TABLE,,履行、替代和终止状态,DISCLOSED,FINAL_APPROVED
CE-014-B-E01,301563,CE-014-B,,,301563_云汉芯城_IPO招股说明书.pdf,66,66,65,65,B轮条款,,B轮投资方含深创投、镇江红土、昆山红土、富海深湾、芜湖富海、丰利财富。,,TABLE,,投资方；上市和业绩承诺,DISCLOSED,FINAL_APPROVED
CE-014-B-E02,301563,CE-014-B,,,301563_云汉芯城_IPO招股说明书.pdf,66,66,65,65,B轮条款,,2015年业绩指标未达，曾烨、刘云锋已按约定履行补偿义务。,,TABLE,,2015年履行状态,DISCLOSED,FINAL_APPROVED
CE-014-B-E03,301563,CE-014-B,,,301563_云汉芯城_IPO招股说明书.pdf,67,67,66,66,B轮条款,,2016年销售收入承诺已完成，无需补偿。,,TABLE,,2016年履行状态,DISCLOSED,FINAL_APPROVED
CE-014-B-E04,301563,CE-014-B,,,301563_云汉芯城_IPO招股说明书.pdf,67,68,66—67,66—67,B轮条款,,2017—2018条款因2018年6月30日前完成约定融资而自动失效。,,TABLE,,自动失效条件；履行状态,DISCLOSED,FINAL_APPROVED
CE-014-B-E05,301563,CE-014-B,,,301563_云汉芯城_IPO招股说明书.pdf,70,70,69,69,注释,,2018年4月28日，天健创投承继丰利财富的B轮投资人权利。,,FOOTNOTE,,特殊权利承继；终止状态,DISCLOSED,FINAL_APPROVED
CE-014-C-E01,301563,CE-014-C,,,301563_云汉芯城_IPO招股说明书.pdf,68,69,67—68,67—68,C轮条款,,C轮投资方包括国科瑞华、CASREV FUND、中科贵银等九方。,,TABLE,,投资方；拖售权和业绩承诺,DISCLOSED,FINAL_APPROVED
CE-014-C-E02,301563,CE-014-C,,,301563_云汉芯城_IPO招股说明书.pdf,69,69,68,68,C轮条款,,2018年净利润承诺已完成，曾烨、刘云锋无需补偿。,,TABLE,,业绩承诺履行状态,DISCLOSED,FINAL_APPROVED
CE-014-C-E03,301563,CE-014-C,,,301563_云汉芯城_IPO招股说明书.pdf,68,69,67—68,67—68,C轮条款,,拖售权未实际履行，已于2021年9月30日彻底终止。,,TABLE,,上市承诺终止状态,DISCLOSED,FINAL_APPROVED
CE-014-D-E01,301563,CE-014-D,,,301563_云汉芯城_IPO招股说明书.pdf,69,70,68—69,68—69,D轮条款,,火炬电子享有前轮拖售权安排；该权利未履行并于2021年9月30日终止。,,TABLE,,投资方；条款；终止状态,DISCLOSED,FINAL_APPROVED
CE-014-DPLUS-E01,301563,CE-014-DPLUS,,,301563_云汉芯城_IPO招股说明书.pdf,70,70,69,69,D+轮条款,,厦门西堤、中小企业基金拖售权未履行，并于2021年9月30日终止。,,TABLE,,投资方；条款；终止状态,DISCLOSED,FINAL_APPROVED
EVD-001,301563,,,,301563_云汉芯城_IPO招股说明书.pdf,11,11,10,10,第一节 释义,,发行人、云汉芯城指云汉芯城（上海）互联网科技股份有限公司；深圳云汉电子指深圳市云汉电子有限公司。,主体名称与发行人终点。,TEXT,,名称标准化/发行人主体,DISCLOSED,FINAL_APPROVED
EVD-002,301563,,,,301563_云汉芯城_IPO招股说明书.pdf,56,56,55,55,第四节 历史沿革流程图,,2014年8月，力源信息、东方富海及芜湖富海共同增资28.205万元；2015年1月三方共同增资8.78714万元。,各方单独认缴额未披露，不分摊。,TEXT,,进入方式/追加投资/未披露金额,DISCLOSED,FINAL_APPROVED
EVD-003,301563,CE-007,,,301563_云汉芯城_IPO招股说明书.pdf,57,57,56,56,第四节 历史沿革流程图,,深创投、丰利财富、镇江红土、昆山红土、富海深湾、芜湖富海共同增资158.2733万元。,除芜湖富海外为新增方向；个体金额未披露。,TEXT,,主体进入/追加方向,DISCLOSED,FINAL_APPROVED
EVD-004,301563,CE-009,,,301563_云汉芯城_IPO招股说明书.pdf,58,58,57,57,股份公司第一次股权转让,,"丰利财富将其持有的全部666,680股转让给天健创投，转让价格1,000万元；丰利财富系代表其管理的丰利新三板基金投资发行人，资金来源为基金募集资金。",区分法律名义股东与经济资金来源基金。,TEXT,,受让进入/退出/间接经济路径,DISCLOSED,FINAL_APPROVED
EVD-005,301563,CE-009,,,301563_云汉芯城_IPO招股说明书.pdf,58,58,57,57,股份公司第一次股权转让,,天健创投主营业务为创业投资；东方富海（芜湖）和蜜呆资管为其普通合伙人，其中蜜呆资管为执行事务合伙人。,GP关系作为背景关系，不默认传导发行人权益。,TEXT,,PEVC性质/GP关系,DISCLOSED,FINAL_APPROVED
EVD-006,301563,CE-010-01,,,301563_云汉芯城_IPO招股说明书.pdf,59,61,58—60,58—60,2018年6月增资,,协议列明国科瑞华、CASREV FUND、中科贵银、夏东、南山富海、珠海拓域六方增资；后分批完成工商变更。,现金出资和认缴资本为原文披露，股份换算经阶段七校验。,TEXT,,增资进入/金额/股份,DISCLOSED,FINAL_APPROVED
EVD-007,301563,CE-010-03,,,301563_云汉芯城_IPO招股说明书.pdf,59,61,58—60,58—60,2018年6月股权转让,,曾烨向富海节能、临港投资转让股份；刘云锋向临港投资、鸿迪投资转让股份。,四笔老股转让与增资属于同一协议下不同交易腿。,TEXT,,受让进入/交易对手/价款,DISCLOSED,FINAL_APPROVED
EVD-008,301563,CE-011,,ENT-004,301563_云汉芯城_IPO招股说明书.pdf,61,62,60—61,60—61,2019年8月股份转让,,为赛咨询分别向李文发、秦国君转让40万股，价款各40万元。,支持将为赛咨询初步识别为管理层持股平台，但仍保留复核。,TEXT,,非PEVC排除/员工平台,DISCLOSED,FINAL_APPROVED
EVD-009,301563,CE-012,,ENT-027,301563_云汉芯城_IPO招股说明书.pdf,62,63,61—62,61—62,2020年5月增资,,"火炬电子现金5,000万元认购1,130,488股，约44.23元/股。",直接产业投资事件；主体是否排除PEVC需用户确认。,TEXT,,增资进入/产业资本,DISCLOSED,FINAL_APPROVED
EVD-010,301563,CE-013-01,,,301563_云汉芯城_IPO招股说明书.pdf,63,65,62｜63—64,62｜63—64,2020年9月增资,,"厦门西堤现金5,000万元认购968,990股；中小企业基金现金2,000万元认购387,596股；每股价格约51.6元。",与同月十笔转让的实际先后未披露。,TEXT,,增资进入/金额/顺序未知,DISCLOSED,FINAL_APPROVED
EVD-011,301563,CE-013-02,,,301563_云汉芯城_IPO招股说明书.pdf,64,65,63—64,63—64,2020年9月股份转让,,四名转让方向八名受让主体实施十笔股份转让，原文逐笔列示股份数及价款。,本阶段只提取与机构候选主体有关的交易腿；不以表格行序推定交割顺序。,TEXT,,受让进入/追加受让,DISCLOSED,FINAL_APPROVED
EVD-012,301563,,,,301563_云汉芯城_IPO招股说明书.pdf,91,93,90—92,90—92,发行前股本情况,,"发行前股东表列示各股东股份数及总股本48,837,074股。",用于持续持有/退出终点交叉核对。,TEXT,,终点持股状态,DISCLOSED,FINAL_APPROVED
EVD-013,301563,CE-004,,,301563_云汉芯城_IPO招股说明书.pdf,81,83,80—82,80—82,主要股东基本情况,,力源信息主营业务为集成电路及电子元器件相关经营；芜湖富海主营业务包括非上市企业投资、股权投资及创业管理服务。,支持产业主体与PEVC基金区分。,TEXT,,PEVC性质/排除,DISCLOSED,FINAL_APPROVED
EVD-014,301563,CE-004,,,301563_云汉芯城_IPO招股说明书.pdf,83,83,82,82,东方富海基本情况,,东方富海主营业务包括创业投资、投资咨询、企业管理和投资管理；其股东构成表列示GP。,明确PEVC性质和GP背景关系。,TEXT,,PEVC性质/GP关系,DISCLOSED,FINAL_APPROVED
EVD-015,301563,CE-010-01,,,301563_云汉芯城_IPO招股说明书.pdf,84,85,83—84,83—84,南山富海基本情况,,南山富海主营业务包括受托管理股权投资基金、未上市企业股权投资、股权投资及创业投资；股东构成列示GP。,明确基金属性，GP不自动形成发行人权益路径。,TEXT,,PEVC性质/GP关系,DISCLOSED,FINAL_APPROVED
EVD-016,301563,CE-013-01,,,301563_云汉芯城_IPO招股说明书.pdf,87,87,86,86,中小企业基金基本情况,,主营业务为对中小企业发展创业投资业务、股权投资及相关业务；股东构成列示GP。,明确基金属性和GP背景关系。,TEXT,,PEVC性质/GP关系,DISCLOSED,FINAL_APPROVED
EVD-017,301563,CE-007,,,301563_云汉芯城_IPO招股说明书.pdf,88,89,87—88,87—88,富海深湾基本情况,,公司名称为移动创新私募创业投资基金；股东构成列示东方富海（芜湖）为GP。,明确私募创业投资基金属性。,TEXT,,PEVC性质/GP关系,DISCLOSED,FINAL_APPROVED
EVD-018,301563,CE-010-01,,,301563_云汉芯城_IPO招股说明书.pdf,89,91,88—90,88—90,国科瑞华及其关联方,,招股书分别披露战略性新兴产业投资基金、CASREV FUND II-USD L.P.和中科贵银产业投资基金的基本信息及出资构成。,CASREV仅形成候选，未因名称直接提升为CONFIRMED。,TEXT,,PEVC性质/候选判断,DISCLOSED,FINAL_APPROVED
EVD-019,301563,,,,301563_云汉芯城_IPO招股说明书.pdf,11,12,10—11,10—11,第一节 释义,,招股说明书对东方富海、芜湖富海、深创投、丰利财富、富海深湾、天健创投、国科瑞华等简称给出对应全称。,用于简称—全称合并，不用于自动判断PEVC。,TEXT,,名称映射,DISCLOSED,FINAL_APPROVED
EVD-024,301563,,,,301563_云汉芯城_IPO招股说明书.pdf,82,91,81—90,81—90,主要股东股东构成,,招股书多处以GP标注基金普通合伙人或管理主体。,本阶段把GP记录为背景关系，默认path_forming_flag=否。,TEXT,,路径形成规则,DISCLOSED,FINAL_APPROVED
EVD-025,301563,CE-009,,,301563_云汉芯城_IPO招股说明书.pdf,58,58,57,57,股份公司第一次股权转让,,丰利财富系代表其管理的丰利财富新三板成长基金投资发行人，资金来源为基金募集资金。,该关系可形成经济资金来源路径，但法律直接股东仍为丰利财富。,TEXT,,直接/间接双层路径,DISCLOSED,FINAL_APPROVED
STD-EVD-VAL-047,301563,,,,stage07_numeric_validation_final_approved.xlsx,91,93,90,92,终点交叉核对,,发行前股本静态表用于与最终历史快照进行终点交叉核对，不用于倒推历史未披露值。,最终历史快照与发行前静态表总股本差异,TEXT,,validation_result,CALCULATED,FINAL_APPROVED
EVD-301606-0001,301606,EVT-301606-0001,,,301606_ugreen_ipo_prospectus_20240719.pdf,49,50,48,49,有限公司设立情况,PDF第49—50页/正文第48—49页,2012年3月绿联有限由张清森、陈俊灵出资100万元设立。,2012年3月绿联有限由张清森、陈俊灵出资100万元设立。,TABLE,9d1a9dacae4a2b9e97bb608a2cf33fe2243d2793153b7435a912a7b96febbbd9,,DISCLOSED,FINAL_APPROVED
EVD-301606-0002,301606,EVT-301606-0002,,,301606_ugreen_ipo_prospectus_20240719.pdf,49,49,48,48,股本变化图—第一次增资,PDF第49—49页/正文第48—48页,"2017年10月注册资本增至1,000万元，两名股东合计缴纳900万元。","2017年10月注册资本增至1,000万元，两名股东合计缴纳900万元。",FIGURE,f6a09df41cd932d8bfc112e0686ff68a1b9da2e770b0a658e3c9f185d3044e38,,DISCLOSED,FINAL_APPROVED
EVD-301606-0003,301606,EVT-301606-0003,,,301606_ugreen_ipo_prospectus_20240719.pdf,49,49,48,48,股本变化图—第二次增资,PDF第49—49页/正文第48—48页,"2018年12月注册资本增至1,270.569999万元，认购价为1元/注册资本。","2018年12月注册资本增至1,270.569999万元，认购价为1元/注册资本。",FIGURE,a8dd0a1c0c1e5b1b4de51417600710ff9abb0655f93e17d3f93fa73835e2698f,,DISCLOSED,FINAL_APPROVED
EVD-301606-0004,301606,EVT-301606-0004,TRX-301606-0004,,301606_ugreen_ipo_prospectus_20240719.pdf,51,52,50,51,报告期内股本变化—2020年增资,PDF第51—52页/正文第50—51页,"绿联和顺认缴66.872105万元注册资本，公司收到1,000万元出资款。","绿联和顺认缴66.872105万元注册资本，公司收到1,000万元出资款。",TEXT,ffbd35ab9eca3f1b27aea5398b02284e45d0b9fc97d11f3560f553efcf348c7f,,DISCLOSED,FINAL_APPROVED
EVD-301606-0005,301606,EVT-301606-0005,,,301606_ugreen_ipo_prospectus_20240719.pdf,52,52,51,51,2021年5月股权转让,PDF第52—52页/正文第51—51页,"高瓴锡恒分别以20,000万元和10,000万元受让两名原股东股权。","高瓴锡恒分别以20,000万元和10,000万元受让两名原股东股权。",TABLE,a372ea7783572cc80d79cad8e966eea4c321ea400939a2a835933677c6067615,,DISCLOSED,FINAL_APPROVED
EVD-301606-0006,301606,EVT-301606-0006,,,301606_ugreen_ipo_prospectus_20240719.pdf,50,51,49,50,股份公司设立情况,PDF第50—51页/正文第49—50页,"绿联有限以净资产折股整体变更，股份公司股本为25,000万股。","绿联有限以净资产折股整体变更，股份公司股本为25,000万股。",TEXT,32f9bb0b3519f948da5a30ea467ceda573fb54e540d8f5548e0574597e51efd7,,DISCLOSED,FINAL_APPROVED
EVD-301606-0007,301606,EVT-301606-0007,TRX-301606-0008,,301606_ugreen_ipo_prospectus_20240719.pdf,53,53,52,52,2021年6月第一次定向发行,PDF第53—53页/正文第52—52页,三家员工持股平台认购338.5226万股，公司收到668万元。,三家员工持股平台认购338.5226万股，公司收到668万元。,TABLE,0b18228c9194c2900a0b0949538bdc3741efae3a04dee59dcb6f1f2738ac7093,,DISCLOSED,FINAL_APPROVED
EVD-301606-0008,301606,EVT-301606-0008,TRX-301606-0009,,301606_ugreen_ipo_prospectus_20240719.pdf,54,54,53,53,2021年6月第二次定向发行,PDF第54—54页/正文第53—53页,"四家机构认购1,333.6064万股，公司收到30,000万元。","四家机构认购1,333.6064万股，公司收到30,000万元。",TABLE,cbca632a94b4ff678489b79623ef921d311e644b730246f2c44e5db10e1c53d0,,DISCLOSED,FINAL_APPROVED
EVD-301606-0009,301606,EVT-301606-0009,,,301606_ugreen_ipo_prospectus_20240719.pdf,54,55,53,54,2021年7月资本公积转增,PDF第54—55页/正文第53—54页,"资本公积每10股转增4股，总股本增至37,340.9806万股。","资本公积每10股转增4股，总股本增至37,340.9806万股。",TEXT,5775d45581baf373e1b8d2e3aa625878107135c46ab79db1dee55c395bc8fe44,,DISCLOSED,FINAL_APPROVED
EVD-301606-0010,301606,EVT-301606-0008,,STD-301606-GAOLING,301606_ugreen_ipo_prospectus_20240719.pdf,77,77,76,76,高瓴锡恒基本情况,PDF第77—77页/正文第76—76页,高瓴锡恒为股权投资合伙企业，招股书将其称为知名投资机构。,高瓴锡恒为股权投资合伙企业，招股书将其称为知名投资机构。,TEXT,8e9890a04cd9302f39153c65eb772c2bd27b0407b81392956e7c35eaf3acd1e6,,DISCLOSED,FINAL_APPROVED
EVD-301606-0011,301606,EVT-301606-0008,,STD-301606-JIANGUO,301606_ugreen_ipo_prospectus_20240719.pdf,83,85,82,84,坚果核力基本情况与基金备案,PDF第83—85页/正文第82—84页,坚果核力备案类型为股权投资基金，备案编码SGD474。,坚果核力备案类型为股权投资基金，备案编码SGD474。,TEXT,3ff8a6334145c807f304ce5506a5ac52b0cd92a86760edb41856b11ed577ec27,,DISCLOSED,FINAL_APPROVED
EVD-301606-0012,301606,EVT-301606-0008,,STD-301606-SHENZHENSHIHENG,301606_ugreen_ipo_prospectus_20240719.pdf,81,82,80,81,深圳世横与远大方略基本情况,PDF第81—82页/正文第80—81页,深圳世横经营范围含创业投资；远大方略主营管理咨询。,深圳世横经营范围含创业投资；远大方略主营管理咨询。,TEXT,cae0558faf7e88db2a3ee0601234bd4e1cd5b6d27af262967c2be06deb5660e9,,DISCLOSED,FINAL_APPROVED
EVD-688726-0000,688726,EVT-688726-EST,,,688726_laplace_ipo_application_20230619.pdf,34,34,33,33,有限公司设立情况,PDF第34页/正文第33页,2016年5月拉普拉斯有限由陈婉升、上海淳和、冯魏出资500万元设立。,2016年5月拉普拉斯有限由陈婉升、上海淳和、冯魏出资500万元设立。,TABLE,1fbb4dd12844e7404df72f60afff833548e0bdba8b2a83b6880cc1891a2101e3,event|transaction|entity|amount|ownership,DISCLOSED,FINAL_APPROVED
EVD-688726-0001,688726,EVT-688726-0001,,,688726_laplace_ipo_application_20230619.pdf,38,38,37,37,报告期内股本和股东变化,PDF第38页/正文第37页,源表第1项：2020-04增资，注册资本/股本由528.7089增至813.3983万元，认缴对价合计5000.0000万元。,源表第1项：2020-04增资，注册资本/股本由528.7089增至813.3983万元，认缴对价合计5000.0000万元。,TABLE,0b7e5d95b0834a638bf925b9d9f37a7256b9587122ffbb31bfb4a9bc383cc4ae,event|transaction|entity|amount|ownership,DISCLOSED,FINAL_APPROVED
EVD-688726-0002,688726,EVT-688726-0002,,,688726_laplace_ipo_application_20230619.pdf,38,38,37,37,报告期内股本和股东变化,PDF第38页/正文第37页,源表第2项：2020-10股权转让1笔，可核验对价合计500.0000万元。,源表第2项：2020-10股权转让1笔，可核验对价合计500.0000万元。,TABLE,df3117f09754032e931c467ef8a4fb6a957ff39959fe794f45e93ba81536d382,event|transaction|entity|amount|ownership,DISCLOSED,FINAL_APPROVED
EVD-688726-0003,688726,EVT-688726-0003,,,688726_laplace_ipo_application_20230619.pdf,38,38,37,37,报告期内股本和股东变化,PDF第38页/正文第37页,源表第3项：2020-11增资，注册资本/股本由813.3983增至992.3462万元，认缴对价合计5500.0000万元。,源表第3项：2020-11增资，注册资本/股本由813.3983增至992.3462万元，认缴对价合计5500.0000万元。,TABLE,586f4f3abca4d25646f47ca1854fbb0b499e2254394480a6c7360f4e069a4fab,event|transaction|entity|amount|ownership,DISCLOSED,FINAL_APPROVED
EVD-688726-0004,688726,EVT-688726-0004,,,688726_laplace_ipo_application_20230619.pdf,39,39,38,38,报告期内股本和股东变化,PDF第39页/正文第38页,源表第4项：2020-12增资，注册资本/股本由992.3462增至1102.6069万元，认缴对价合计1355.1046万元。,源表第4项：2020-12增资，注册资本/股本由992.3462增至1102.6069万元，认缴对价合计1355.1046万元。,TABLE,19ec0a50140a9e8af1fc8a7115de84a26001a6085139cd64840f70f7134f50ba,event|transaction|entity|amount|ownership,DISCLOSED,FINAL_APPROVED
EVD-688726-0005,688726,EVT-688726-0005,,,688726_laplace_ipo_application_20230619.pdf,39,39,38,38,报告期内股本和股东变化,PDF第39页/正文第38页,源表第5项：2021-06股权转让6笔，可核验对价合计1152.0000万元。,源表第5项：2021-06股权转让6笔，可核验对价合计1152.0000万元。,TABLE,47688e6fae1ee3a45044725629251c08dcb4abc4130cee8fcf704a05cbe36182,event|transaction|entity|amount|ownership,DISCLOSED,FINAL_APPROVED
EVD-688726-0006,688726,EVT-688726-0006,,,688726_laplace_ipo_application_20230619.pdf,39,39,38,38,报告期内股本和股东变化,PDF第39页/正文第38页,源表第6项：2021-09增资，注册资本/股本由1102.6069增至1304.7517万元，认缴对价合计33000.0000万元。,源表第6项：2021-09增资，注册资本/股本由1102.6069增至1304.7517万元，认缴对价合计33000.0000万元。,TABLE,087e8397244a5cc467411c4706c5d715cb4c6076aca731af0165e0c543dd38af,event|transaction|entity|amount|ownership,DISCLOSED,FINAL_APPROVED
EVD-688726-0007,688726,EVT-688726-0007,,,688726_laplace_ipo_application_20230619.pdf,39,39,38,38,报告期内股本和股东变化,PDF第39页/正文第38页,源表第7项：2021-10股权转让4笔，可核验对价合计4500.0000万元。,源表第7项：2021-10股权转让4笔，可核验对价合计4500.0000万元。,TABLE,7a2996e07650f0ae62fc0299742ba55a42f54cb3cd7fb60a115583fb6306d8c0,event|transaction|entity|amount|ownership,DISCLOSED,FINAL_APPROVED
EVD-688726-0008,688726,EVT-688726-0008,,,688726_laplace_ipo_application_20230619.pdf,40,40,39,39,报告期内股本和股东变化,PDF第40页/正文第39页,源表第8项：2021-12股权转让2笔，可核验对价合计0.0002万元。,源表第8项：2021-12股权转让2笔，可核验对价合计0.0002万元。,TABLE,f40835888687ab827535448e8452178f5c8117cd394a7c8979fd4270558d2387,event|transaction|entity|amount|ownership,DISCLOSED,FINAL_APPROVED
EVD-688726-0009,688726,EVT-688726-0009,,,688726_laplace_ipo_application_20230619.pdf,40,40,39,39,报告期内股本和股东变化,PDF第40页/正文第39页,源表第9项：2021-12增资，注册资本/股本由1304.7517增至1384.3845万元，认缴对价合计13000.0000万元。,源表第9项：2021-12增资，注册资本/股本由1304.7517增至1384.3845万元，认缴对价合计13000.0000万元。,TABLE,caeda03a4a962041773df95ef74ecf6c62dbd8c41c1e063e0ae69f04070a6f8d,event|transaction|entity|amount|ownership,DISCLOSED,FINAL_APPROVED
EVD-688726-0010,688726,EVT-688726-0010,,,688726_laplace_ipo_application_20230619.pdf,40,40,39,39,报告期内股本和股东变化,PDF第40页/正文第39页,源表第10项：2022-04股权转让3笔，可核验对价合计8000.0000万元。,源表第10项：2022-04股权转让3笔，可核验对价合计8000.0000万元。,TABLE,a2808cd26dbf8e87161647d848f9e2161d9badb52eda7914c60ae39f138a83d1,event|transaction|entity|amount|ownership,DISCLOSED,FINAL_APPROVED
EVD-688726-0011,688726,EVT-688726-0011,,,688726_laplace_ipo_application_20230619.pdf,40,40,39,39,报告期内股本和股东变化,PDF第40页/正文第39页,源表第11项：2022-05股权转让2笔，可核验对价合计2300.0000万元。,源表第11项：2022-05股权转让2笔，可核验对价合计2300.0000万元。,TABLE,e2ec0be3c887b7049224042a7b3e7b575372538691cf1cad73c16bf0c299e67e,event|transaction|entity|amount|ownership,DISCLOSED,FINAL_APPROVED
EVD-688726-0012,688726,EVT-688726-0012,,,688726_laplace_ipo_application_20230619.pdf,40,40,39,39,报告期内股本和股东变化,PDF第40页/正文第39页,源表第12项：2022-05增资，注册资本/股本由1384.3845增至1390.5101万元，认缴对价合计1000.0000万元。,源表第12项：2022-05增资，注册资本/股本由1384.3845增至1390.5101万元，认缴对价合计1000.0000万元。,TABLE,8dd9299c0797a5bb266a3dda853084cebe8ef2decb354e2ac8468c0c8e9007a9,event|transaction|entity|amount|ownership,DISCLOSED,FINAL_APPROVED
EVD-688726-0013,688726,EVT-688726-0013,,,688726_laplace_ipo_application_20230619.pdf,40,40,39,39,报告期内股本和股东变化,PDF第40页/正文第39页,源表第13项：2022-07增资，注册资本/股本由1390.5101增至1422.7699万元，认缴对价合计11600.0000万元。,源表第13项：2022-07增资，注册资本/股本由1390.5101增至1422.7699万元，认缴对价合计11600.0000万元。,TABLE,c3a99b88aa4e5c8f40593b042ad761f4f2306f7b5850e815d57e89dcffb73015,event|transaction|entity|amount|ownership,DISCLOSED,FINAL_APPROVED
EVD-688726-0014,688726,EVT-688726-0014,,,688726_laplace_ipo_application_20230619.pdf,40,40,39,39,报告期内股本和股东变化,PDF第40页/正文第39页,源表第14项：2022-07增资，注册资本/股本由1422.7699增至1466.9882万元，认缴对价合计15900.0000万元。,源表第14项：2022-07增资，注册资本/股本由1422.7699增至1466.9882万元，认缴对价合计15900.0000万元。,TABLE,dfaf8c77902aa8ab9a32c71930ec84ae6c799a63c2e191c2e2df69936aaea130,event|transaction|entity|amount|ownership,DISCLOSED,FINAL_APPROVED
EVD-688726-0015,688726,EVT-688726-0015,,,688726_laplace_ipo_application_20230619.pdf,41,41,40,40,报告期内股本和股东变化,PDF第41页/正文第40页,源表第15项：2022-08股权转让5笔，可核验对价合计19873.5127万元。,源表第15项：2022-08股权转让5笔，可核验对价合计19873.5127万元。,TABLE,ff542577ea8ecb0a0ff3dfd9602d116162d69fbc4af0a509a9560e203a4ef29d,event|transaction|entity|amount|ownership,DISCLOSED,FINAL_APPROVED
EVD-688726-0016,688726,EVT-688726-0016,,,688726_laplace_ipo_application_20230619.pdf,41,41,40,40,报告期内股本和股东变化,PDF第41页/正文第40页,源表第16项：2022-08增资，注册资本/股本由1466.9882增至1518.1590万元，认缴对价合计9200.0000万元。,源表第16项：2022-08增资，注册资本/股本由1466.9882增至1518.1590万元，认缴对价合计9200.0000万元。,TABLE,f2ec90bda36d241fbef3288fa12051f504203a7e5a5913a7aa6121562f0e85ab,event|transaction|entity|amount|ownership,DISCLOSED,FINAL_APPROVED
EVD-688726-0017,688726,EVT-688726-0017,,,688726_laplace_ipo_application_20230619.pdf,41,41,40,40,报告期内股本和股东变化,PDF第41页/正文第40页,源表第17项：2022-11股权转让3笔，可核验对价合计7005.8789万元。,源表第17项：2022-11股权转让3笔，可核验对价合计7005.8789万元。,TABLE,12cdf6be18ae6f4592e22db0954e0fc083366b8c720a918a52320f488d3ae535,event|transaction|entity|amount|ownership,DISCLOSED,FINAL_APPROVED
EVD-688726-0018,688726,EVT-688726-0018,,,688726_laplace_ipo_application_20230619.pdf,41,41,40,40,报告期内股本和股东变化,PDF第41页/正文第40页,源表第18项：2022-12增资，注册资本/股本由1518.1590增至1665.4205万元，认缴对价合计67900.0000万元。,源表第18项：2022-12增资，注册资本/股本由1518.1590增至1665.4205万元，认缴对价合计67900.0000万元。,TABLE,e5ac579babeafdb3762212843c3cdf87d3a9257da102a4fdf2ec6b76cbe86995,event|transaction|entity|amount|ownership,DISCLOSED,FINAL_APPROVED
EVD-688726-0019,688726,EVT-688726-0019,,,688726_laplace_ipo_application_20230619.pdf,41,41,40,40,报告期内股本和股东变化,PDF第41页/正文第40页,"源表第19项：2022年12月资本公积转增股本，股本由1,665.4205万股增至36,000万股。","源表第19项：2022年12月资本公积转增股本，股本由1,665.4205万股增至36,000万股。",TABLE,7ca27e741a0c87deca46c5cce72d4a2d1ba9d5aa4d23d1cc6b93ddf7254bcf86,event|transaction|entity|amount|ownership,DISCLOSED,FINAL_APPROVED
EVD-688726-0020,688726,EVT-688726-0020,,,688726_laplace_ipo_application_20230619.pdf,41,41,40,40,报告期内股本和股东变化,PDF第41页/正文第40页,源表第20项：2022-12增资，注册资本/股本由36000.0000增至36479.3570万元，认缴对价合计3987.0000万元。,源表第20项：2022-12增资，注册资本/股本由36000.0000增至36479.3570万元，认缴对价合计3987.0000万元。,TABLE,d830c19a75baba7597920684228a229e22158c402eac106d2e3306c226ffd8dd,event|transaction|entity|amount|ownership,DISCLOSED,FINAL_APPROVED
EVD-688726-0098,688726,EVT-688726-OC,,,688726_laplace_ipo_application_20230619.pdf,35,35,34,34,股份公司设立情况,PDF第35页/正文第34页,"2022年11月24日整体变更为股份公司，折合股本1,518.1590万股。","2022年11月24日整体变更为股份公司，折合股本1,518.1590万股。",TABLE,7db9606f4f2637d05b0bde61d46ea9297199112f54552a6de4353a76e2a45f3a,event|transaction|entity|amount|ownership,DISCLOSED,FINAL_APPROVED
EVD-688726-0099,688726,,,,688726_laplace_ipo_application_20230619.pdf,121,121,120,120,申报时存在私募投资基金等金融产品股东的情况,PDF第121页/正文第120页,招股书列明29名机构股东均已在中国证券投资基金业协会完成私募基金备案，并逐一披露基金编号及管理人。,招股书列明29名机构股东均已在中国证券投资基金业协会完成私募基金备案，并逐一披露基金编号及管理人。,TABLE,1096859019cafedc2a4ef0b6f18a202538de19da16e53413c349bf92a92c2c20,event|transaction|entity|amount|ownership,DISCLOSED,FINAL_APPROVED
EVD-688726-0100,688726,,,,688726_laplace_ipo_application_20230619.pdf,120,120,119,119,申报时存在私募投资基金等金融产品股东的情况,PDF第120页/正文第119页,招股书列明17名机构股东无需私募基金备案，其中包括员工持股平台、自有投资平台及未对外募集资金的平台。,招股书列明17名机构股东无需私募基金备案，其中包括员工持股平台、自有投资平台及未对外募集资金的平台。,TABLE,b317598b60b97c492022fe85ae1d5a2bde28c474bcc5b314f221ce5e5d5bd594,event|transaction|entity|amount|ownership,DISCLOSED,FINAL_APPROVED
