transaction_id,event_id,transaction_type_source,transaction_type_standardized,transaction_date_original,transaction_date_standardized,date_role,shares_or_capital_acquired,quantity_status,quantity_unit,ownership_before,ownership_before_status,ownership_after,ownership_after_status,transaction_amount_10k_cny,transaction_amount_original_text,transaction_amount_original_currency,transaction_amount_original_unit,transaction_amount_status,price_per_share_or_capital,price_status,entry_method,amount_source_type,calculation_formula,calculation_inputs,primary_evidence_id,review_status
TRX-001282-0001-01,EVT-001282-0001,ESTABLISHMENT,ESTABLISHMENT,2004-06-18,2004-06-18,REGISTRATION,,NOT_DISCLOSED,,,NOT_APPLICABLE,,NOT_APPLICABLE,,,,,NOT_APPLICABLE,,NOT_APPLICABLE,ESTABLISHMENT_ENTRY,,,,EVD-001282-0001-01,FINAL_APPROVED
TRX-001282-0002-01,EVT-001282-0002,OVERALL_CHANGE,OVERALL_CHANGE,2018-11-26,2018-11-26,UNKNOWN,,NOT_APPLICABLE,,,NOT_APPLICABLE,,NOT_APPLICABLE,,,,,NOT_APPLICABLE,,NOT_APPLICABLE,NOT_APPLICABLE,,,,EVD-001282-0003-01,FINAL_APPROVED
TRX-001282-0003-01,EVT-001282-0003,CAPITAL_INCREASE,CAPITAL_INCREASE,2019-12,2019-12,UNKNOWN,348,DISCLOSED_COMPLETE,10K_SHARE,,NOT_APPLICABLE,,NOT_APPLICABLE,1566,,CNY,万元,DISCLOSED_COMPLETE,4.5,DISCLOSED_COMPLETE,CAPITAL_INCREASE_ENTRY,CALCULATED,348万股×4.50元/股,348万股×4.50元/股,EVD-001282-0004-01,FINAL_APPROVED
TRX-301581-0001-01,EVT-301581-0001,ESTABLISHMENT,ESTABLISHMENT,2012-06,2012-06,UNKNOWN,,NOT_DISCLOSED,,,NOT_APPLICABLE,,NOT_APPLICABLE,,,,,NOT_APPLICABLE,,NOT_APPLICABLE,ESTABLISHMENT_ENTRY,,,,EVD-301581-0001-01,FINAL_APPROVED
TRX-301581-0002-01,EVT-301581-0002,ABSORPTION_MERGER,ABSORPTION_MERGER,2021-04,2021-04,UNKNOWN,,NOT_APPLICABLE,,,NOT_APPLICABLE,,NOT_APPLICABLE,,,,,NOT_APPLICABLE,,NOT_APPLICABLE,NOT_APPLICABLE,,,,EVD-301581-0002-01,FINAL_APPROVED
TRX-301581-0003-01,EVT-301581-0003,EQUITY_TRANSFER,EQUITY_TRANSFER,2021-04,2021-04,UNKNOWN,,NOT_DISCLOSED,,,NOT_DISCLOSED,,NOT_DISCLOSED,,,CNY,万元,DISCLOSED_COMPLETE,,NOT_DISCLOSED,TRANSFER_ENTRY,DISCLOSED,,,EVD-301581-0003-01,FINAL_APPROVED
TRX-301581-0004-01,EVT-301581-0004,CAPITAL_INCREASE,CAPITAL_INCREASE,2021-11,2021-11,UNKNOWN,514.2857,DISCLOSED_COMPLETE,10K_SHARE,,NOT_APPLICABLE,,NOT_APPLICABLE,11530.285394,,CNY,万元,DISCLOSED_COMPLETE,22.42,DISCLOSED_COMPLETE,CAPITAL_INCREASE_ENTRY,CALCULATED,514.2857万股×22.42元/股,514.2857万股×22.42元/股,EVD-301581-0004-01,FINAL_APPROVED
TRX-301581-0005-01,EVT-301581-0005,CAPITAL_INCREASE,CAPITAL_INCREASE,2022-05,2022-05,UNKNOWN,90.2256,DISCLOSED_COMPLETE,10K_SHARE,,NOT_APPLICABLE,,NOT_APPLICABLE,2124.81288,,CNY,万元,DISCLOSED_COMPLETE,23.55,DISCLOSED_COMPLETE,CAPITAL_INCREASE_ENTRY,CALCULATED,90.2256万股×23.55元/股,90.2256万股×23.55元/股,EVD-301581-0005-01,FINAL_APPROVED
TRX-301581-0006-01,EVT-301581-0006,OVERALL_CHANGE,OVERALL_CHANGE,2022-09,2022-09,UNKNOWN,,NOT_APPLICABLE,,,NOT_APPLICABLE,,NOT_APPLICABLE,,,,,NOT_APPLICABLE,,NOT_APPLICABLE,NOT_APPLICABLE,,,,EVD-301581-0006-01,FINAL_APPROVED
TRX-603418-0001-01,EVT-603418-0001,ESTABLISHMENT,ESTABLISHMENT,1992-12-04,1992-12-04,REGISTRATION,,NOT_DISCLOSED,,,NOT_APPLICABLE,,NOT_APPLICABLE,,,,,NOT_APPLICABLE,,NOT_APPLICABLE,ESTABLISHMENT_ENTRY,,,,EVD-603418-0001-01,FINAL_APPROVED
TRX-603418-0002-01,EVT-603418-0002,OVERALL_CHANGE,OVERALL_CHANGE,2020-09-09,2020-09-09,REGISTRATION,,NOT_APPLICABLE,,,NOT_APPLICABLE,,NOT_APPLICABLE,,,,,NOT_APPLICABLE,,NOT_APPLICABLE,NOT_APPLICABLE,,,,EVD-603418-0003-01,FINAL_APPROVED
TRX-603418-0003-01,EVT-603418-0003,CAPITAL_INCREASE,CAPITAL_INCREASE,2020-09,2020-09,UNKNOWN,,NOT_DISCLOSED,,,NOT_APPLICABLE,,NOT_APPLICABLE,11500,,CNY,万元,DISCLOSED_COMPLETE,,NOT_DISCLOSED,CAPITAL_INCREASE_ENTRY,CALCULATED,7000+3000+1500万元,7000+3000+1500,EVD-603418-0004-01,FINAL_APPROVED
TRX-603418-0004-01,EVT-603418-0004,CAPITAL_INCREASE,CAPITAL_INCREASE,2022-12,2022-12,UNKNOWN,,NOT_DISCLOSED,,,NOT_APPLICABLE,,NOT_APPLICABLE,37000,,CNY,万元,DISCLOSED_COMPLETE,,NOT_DISCLOSED,CAPITAL_INCREASE_ENTRY,DISCLOSED,,,EVD-603418-0005-01,FINAL_APPROVED
TRX-603418-0005-01,EVT-603418-0005,EQUITY_HOLDING_PROXY,EQUITY_HOLDING_PROXY,,,UNKNOWN,,NOT_APPLICABLE,,,NOT_APPLICABLE,,NOT_APPLICABLE,,,,,NOT_APPLICABLE,,NOT_APPLICABLE,NOT_APPLICABLE,,,,EVD-603418-0006-01,FINAL_APPROVED
TRX-688758-0001-01,EVT-688758-0001,ESTABLISHMENT,ESTABLISHMENT,2009-01-23,2009-01-23,REGISTRATION,,NOT_DISCLOSED,,,NOT_APPLICABLE,,NOT_APPLICABLE,,,,,NOT_APPLICABLE,,NOT_APPLICABLE,ESTABLISHMENT_ENTRY,,,,EVD-688758-0001-01,FINAL_APPROVED
TRX-688758-0002-01,EVT-688758-0002,OVERALL_CHANGE,OVERALL_CHANGE,2021-09-16,2021-09-16,COMPLETION,,NOT_APPLICABLE,,,NOT_APPLICABLE,,NOT_APPLICABLE,,,,,NOT_APPLICABLE,,NOT_APPLICABLE,NOT_APPLICABLE,,,,EVD-688758-0002-01,FINAL_APPROVED
TRX-688758-0003-01,EVT-688758-0003,EQUITY_TRANSFER,EQUITY_TRANSFER,2021-04,2021-04,UNKNOWN,,NOT_DISCLOSED,,,NOT_DISCLOSED,,NOT_DISCLOSED,3000,,CNY,万元,DISCLOSED_COMPLETE,,NOT_DISCLOSED,TRANSFER_ENTRY,DISCLOSED,,,EVD-688758-0003-01,FINAL_APPROVED
TRX-688758-0003-02,EVT-688758-0003,CAPITAL_INCREASE,CAPITAL_INCREASE,2021-04,2021-04,UNKNOWN,,NOT_DISCLOSED,,,NOT_APPLICABLE,,NOT_APPLICABLE,18500,,CNY,万元,DISCLOSED_COMPLETE,,NOT_DISCLOSED,CAPITAL_INCREASE_ENTRY,DISCLOSED,,,EVD-688758-0003-01,FINAL_APPROVED
TRX-688758-0004-01,EVT-688758-0004,EQUITY_TRANSFER,EQUITY_TRANSFER,2021-08,2021-08,UNKNOWN,,NOT_DISCLOSED,,,NOT_DISCLOSED,,NOT_DISCLOSED,,,CNY,万元,DISCLOSED_COMPLETE,,NOT_DISCLOSED,TRANSFER_ENTRY,DISCLOSED,,,EVD-688758-0004-01,FINAL_APPROVED
TRX-688758-0005-01,EVT-688758-0005,CAPITAL_INCREASE,CAPITAL_INCREASE,2021-11,2021-11,UNKNOWN,4243901,DISCLOSED_COMPLETE,SHARE,,NOT_APPLICABLE,,NOT_APPLICABLE,54000,,CNY,万元,DISCLOSED_COMPLETE,,NOT_DISCLOSED,CAPITAL_INCREASE_ENTRY,DISCLOSED,,,EVD-688758-0005-01,FINAL_APPROVED
TRX-688758-0006-01,EVT-688758-0006,CAPITAL_INCREASE,CAPITAL_INCREASE,2021-12,2021-12,UNKNOWN,117886,DISCLOSED_COMPLETE,SHARE,,NOT_APPLICABLE,,NOT_APPLICABLE,1500,,CNY,万元,DISCLOSED_COMPLETE,,NOT_DISCLOSED,CAPITAL_INCREASE_ENTRY,DISCLOSED,,,EVD-688758-0006-01,FINAL_APPROVED
TRX-688758-0007-01,EVT-688758-0007,SHARE_CAPITAL_CHANGE,SHARE_CAPITAL_CHANGE,2021-12,2021-12,UNKNOWN,,NOT_DISCLOSED,,,NOT_APPLICABLE,,NOT_APPLICABLE,,,,,NOT_APPLICABLE,,NOT_APPLICABLE,NOT_APPLICABLE,,,,EVD-688758-0007-01,FINAL_APPROVED
TRX-688775-0001-01,EVT-688775-0001,ESTABLISHMENT,ESTABLISHMENT,2015-07-09,2015-07-09,UNKNOWN,,NOT_DISCLOSED,,,NOT_APPLICABLE,,NOT_APPLICABLE,,,,,NOT_APPLICABLE,,NOT_APPLICABLE,ESTABLISHMENT_ENTRY,,,,EVD-688775-0001-01,FINAL_APPROVED
TRX-688775-0002-01,EVT-688775-0002,OVERALL_CHANGE,OVERALL_CHANGE,2020-02-26,2020-02-26,REGISTRATION,,NOT_APPLICABLE,,,NOT_APPLICABLE,,NOT_APPLICABLE,,,,,NOT_APPLICABLE,,NOT_APPLICABLE,NOT_APPLICABLE,,,,EVD-688775-0002-01,FINAL_APPROVED
TRX-688775-0003-01,EVT-688775-0003,EQUITY_TRANSFER,EQUITY_TRANSFER,2023-03,2023-03,UNKNOWN,,NOT_DISCLOSED,,,NOT_DISCLOSED,,NOT_DISCLOSED,1462.7126,,CNY,万元,DISCLOSED_COMPLETE,,NOT_DISCLOSED,TRANSFER_ENTRY,DISCLOSED,,,EVD-688775-0003-01,FINAL_APPROVED
TRX-920100-0001-01,EVT-920100-0001,EQUITY_HOLDING_PROXY_RELEASE,EQUITY_HOLDING_PROXY,2021-03,2021-03,UNKNOWN,,NOT_APPLICABLE,,,NOT_APPLICABLE,,NOT_APPLICABLE,,,,,NOT_APPLICABLE,,NOT_APPLICABLE,NOT_APPLICABLE,,,,EVD-920100-0001-01,FINAL_APPROVED
TRX-920116-0001-01,EVT-920116-0001,DIRECTIONAL_FINANCING,DIRECTIONAL_ISSUANCE,2023-05-16,2023-05-16,UNKNOWN,7500000,DISCLOSED_COMPLETE,SHARE,,NOT_APPLICABLE,,NOT_APPLICABLE,4725,,CNY,万元,DISCLOSED_COMPLETE,6.3,DISCLOSED_COMPLETE,DIRECTIONAL_ISSUANCE_ENTRY,DISCLOSED,,,EVD-920116-0001-01,FINAL_APPROVED
W7-OVR-920100-2022-DI-T001,W7-OVR-920100-2022-DI,WEEK7_ACCEPTED_DIRECTIONAL_ISSUANCE,DIRECTIONAL_ISSUANCE,2022-09-01,2022-09-01,COMPLETION,5300000,DISCLOSED_COMPLETE,SHARE,,NOT_APPLICABLE,,NOT_APPLICABLE,2374.4,,CNY,万元,DISCLOSED_COMPLETE,4.48,DISCLOSED_COMPLETE,DIRECTIONAL_ISSUANCE_ENTRY,DISCLOSED,,,,FINAL_APPROVED
W7-OVR-920100-2023-DI-T001,W7-OVR-920100-2023-DI,WEEK7_ACCEPTED_DIRECTIONAL_ISSUANCE,DIRECTIONAL_ISSUANCE,2023-10-23,2023-10-23,COMPLETION,3185000,DISCLOSED_COMPLETE,SHARE,,NOT_APPLICABLE,,NOT_APPLICABLE,1723.09,,CNY,万元,DISCLOSED_COMPLETE,5.41,DISCLOSED_COMPLETE,DIRECTIONAL_ISSUANCE_ENTRY,DISCLOSED,,,,FINAL_APPROVED
TRX-301563-INC-001,CE-002-02,现金增资,CAPITAL_INCREASE,2009年12月,2009-12,UNKNOWN,50,DISCLOSED_COMPLETE,10K_CNY_REGISTERED_CAPITAL,,NOT_APPLICABLE,,NOT_APPLICABLE,,,,,NOT_DISCLOSED,,NOT_DISCLOSED,CAPITAL_INCREASE_ENTRY,,,,CE-002-E02,FINAL_APPROVED
TRX-301563-INC-002,CE-004,现金增资,CAPITAL_INCREASE,2014年8月,2014-08,UNKNOWN,28.205,DISCLOSED_COMPLETE,10K_CNY_REGISTERED_CAPITAL,,NOT_APPLICABLE,,NOT_APPLICABLE,,,,,NOT_DISCLOSED,,NOT_DISCLOSED,CAPITAL_INCREASE_ENTRY,,,,CE-004-E01,FINAL_APPROVED
TRX-301563-INC-003,CE-005,现金增资,CAPITAL_INCREASE,2015年1月,2015-01,UNKNOWN,8.78714,DISCLOSED_COMPLETE,10K_CNY_REGISTERED_CAPITAL,,NOT_APPLICABLE,,NOT_APPLICABLE,,,,,NOT_DISCLOSED,,NOT_DISCLOSED,CAPITAL_INCREASE_ENTRY,,,,CE-005-E01,FINAL_APPROVED
TRX-301563-INC-004,CE-006,资本公积转增,SHARE_CAPITAL_CHANGE,2015年3月,2015-03,UNKNOWN,1863.0136,DISCLOSED_COMPLETE,10K_CNY_REGISTERED_CAPITAL,,NOT_APPLICABLE,,NOT_APPLICABLE,,,,,NOT_APPLICABLE,,NOT_APPLICABLE,NOT_APPLICABLE,,,,CE-006-E01,FINAL_APPROVED
TRX-301563-INC-005,CE-007,现金增资,CAPITAL_INCREASE,2015年8月,2015-08,UNKNOWN,158.2733,DISCLOSED_COMPLETE,10K_CNY_REGISTERED_CAPITAL,,NOT_APPLICABLE,,NOT_APPLICABLE,,,,,NOT_DISCLOSED,,NOT_DISCLOSED,CAPITAL_INCREASE_ENTRY,,,,CE-007-E01,FINAL_APPROVED
TRX-301563-INC-006,CE-010-01,现金增资,CAPITAL_INCREASE,2018年6月至7月,2018-07-27,UNKNOWN,515,DISCLOSED_COMPLETE,10K_CNY_REGISTERED_CAPITAL,,NOT_APPLICABLE,,NOT_APPLICABLE,15000,,OTHER,万元,DISCLOSED_COMPLETE,29.13,DISCLOSED_COMPLETE,CAPITAL_INCREASE_ENTRY,CALCULATED,SUM(disclosed_subscription_cash_contributions),"[7412.0, 1800.0, 1584.0, 204.0, 3000.0, 1000.0]",CE-010-E01,FINAL_APPROVED
TRX-301563-INC-007,CE-010-02,股权激励增资,CAPITAL_INCREASE,2018年6月,2018-06-28,UNKNOWN,120,DISCLOSED_COMPLETE,10K_CNY_REGISTERED_CAPITAL,,NOT_APPLICABLE,,NOT_APPLICABLE,120,,CNY,万元,DISCLOSED_COMPLETE,1,DISCLOSED_COMPLETE,CAPITAL_INCREASE_ENTRY,CALCULATED,SUM(disclosed_subscription_cash_contributions),"[20.0, 20.0, 20.0, 60.0]",CE-010-E02,FINAL_APPROVED
TRX-301563-INC-008,CE-012,现金增资,CAPITAL_INCREASE,2020年5月,2020-05-28,UNKNOWN,113.0488,DISCLOSED_COMPLETE,10K_CNY_REGISTERED_CAPITAL,,NOT_APPLICABLE,,NOT_APPLICABLE,5000,,CNY,万元,DISCLOSED_COMPLETE,44.23,DISCLOSED_COMPLETE,CAPITAL_INCREASE_ENTRY,DISCLOSED,,,CE-012-E01,FINAL_APPROVED
TRX-301563-INC-009,CE-013-01,现金增资,CAPITAL_INCREASE,2020年9月,2020-09-23,UNKNOWN,135.6586,DISCLOSED_COMPLETE,10K_CNY_REGISTERED_CAPITAL,,NOT_APPLICABLE,,NOT_APPLICABLE,7000,,CNY,万元,DISCLOSED_COMPLETE,51.6,DISCLOSED_COMPLETE,CAPITAL_INCREASE_ENTRY,CALCULATED,SUM(disclosed_subscription_cash_contributions),"[5000.0, 2000.0]",CE-013-E01,FINAL_APPROVED
TRX-301563-TR-LOT-001,CE-002-01,SHARE_TRANSFER_LOT,EQUITY_TRANSFER,2009年12月,2009-12,UNKNOWN,,NOT_DISCLOSED,,,NOT_DISCLOSED,,NOT_DISCLOSED,,,,,NOT_DISCLOSED,,NOT_DISCLOSED,TRANSFER_ENTRY,,,,CE-002-E02,FINAL_APPROVED
TRX-301563-TR-LOT-002,CE-003,SHARE_TRANSFER_LOT,EQUITY_TRANSFER,2014年6月,2014-06,UNKNOWN,,NOT_DISCLOSED,,,NOT_DISCLOSED,,NOT_DISCLOSED,,,,,NOT_DISCLOSED,,NOT_DISCLOSED,TRANSFER_ENTRY,,,,CE-003-E02,FINAL_APPROVED
TRX-301563-TR-LOT-003,CE-003,SHARE_TRANSFER_LOT,EQUITY_TRANSFER,2014年6月,2014-06,UNKNOWN,,NOT_DISCLOSED,,,NOT_DISCLOSED,,NOT_DISCLOSED,,,,,NOT_DISCLOSED,,NOT_DISCLOSED,TRANSFER_ENTRY,,,,CE-003-E02,FINAL_APPROVED
TRX-301563-TR-LOT-004,CE-009,SHARE_TRANSFER_LOT,EQUITY_TRANSFER,2018年4月,2018-04-28,UNKNOWN,666680,DISCLOSED_COMPLETE,SHARE,,NOT_DISCLOSED,,NOT_DISCLOSED,1000,,CNY,万元,DISCLOSED_COMPLETE,,NOT_CALCULABLE,TRANSFER_ENTRY,DISCLOSED,,,CE-009-E01,FINAL_APPROVED
TRX-301563-TR-LOT-005,CE-010-03,SHARE_TRANSFER_LOT,EQUITY_TRANSFER,2018年6月至7月,2018-06-12,UNKNOWN,515000,DISCLOSED_COMPLETE,SHARE,,NOT_DISCLOSED,,NOT_DISCLOSED,1500,,CNY,万元,DISCLOSED_COMPLETE,,NOT_CALCULABLE,TRANSFER_ENTRY,DISCLOSED,,,CE-010-E01,FINAL_APPROVED
TRX-301563-TR-LOT-006,CE-010-03,SHARE_TRANSFER_LOT,EQUITY_TRANSFER,2018年6月至7月,2018-06-12,UNKNOWN,180250,DISCLOSED_COMPLETE,SHARE,,NOT_DISCLOSED,,NOT_DISCLOSED,524.9994,,CNY,万元,DISCLOSED_COMPLETE,,NOT_CALCULABLE,TRANSFER_ENTRY,DISCLOSED,,,CE-010-E01,FINAL_APPROVED
TRX-301563-TR-LOT-007,CE-010-03,SHARE_TRANSFER_LOT,EQUITY_TRANSFER,2018年6月至7月,2018-06-12,UNKNOWN,94417,DISCLOSED_COMPLETE,SHARE,,NOT_DISCLOSED,,NOT_DISCLOSED,275.006,,CNY,万元,DISCLOSED_COMPLETE,,NOT_CALCULABLE,TRANSFER_ENTRY,DISCLOSED,,,CE-010-E01,FINAL_APPROVED
TRX-301563-TR-LOT-008,CE-010-03,SHARE_TRANSFER_LOT,EQUITY_TRANSFER,2018年6月至7月,2018-06-12,UNKNOWN,369083,DISCLOSED_COMPLETE,SHARE,,NOT_DISCLOSED,,NOT_DISCLOSED,1075,,CNY,万元,DISCLOSED_COMPLETE,,NOT_CALCULABLE,TRANSFER_ENTRY,DISCLOSED,,,CE-010-E01,FINAL_APPROVED
TRX-301563-TR-LOT-009,CE-011,SHARE_TRANSFER_LOT,EQUITY_TRANSFER,2019年8月,2019-08-13,UNKNOWN,400000,DISCLOSED_COMPLETE,SHARE,,NOT_DISCLOSED,,NOT_DISCLOSED,40,,CNY,万元,DISCLOSED_COMPLETE,,NOT_CALCULABLE,TRANSFER_ENTRY,DISCLOSED,,,CE-011-E01,FINAL_APPROVED
TRX-301563-TR-LOT-010,CE-011,SHARE_TRANSFER_LOT,EQUITY_TRANSFER,2019年8月,2019-08-13,UNKNOWN,400000,DISCLOSED_COMPLETE,SHARE,,NOT_DISCLOSED,,NOT_DISCLOSED,40,,CNY,万元,DISCLOSED_COMPLETE,,NOT_CALCULABLE,TRANSFER_ENTRY,DISCLOSED,,,CE-011-E01,FINAL_APPROVED
TRX-301563-TR-LOT-011,CE-013-02,SHARE_TRANSFER_LOT,EQUITY_TRANSFER,2020年9月,2020-09,UNKNOWN,480000,DISCLOSED_COMPLETE,SHARE,,NOT_DISCLOSED,,NOT_DISCLOSED,2476.8,,CNY,万元,DISCLOSED_COMPLETE,,NOT_CALCULABLE,TRANSFER_ENTRY,DISCLOSED,,,CE-013-E03,FINAL_APPROVED
TRX-301563-TR-LOT-012,CE-013-02,SHARE_TRANSFER_LOT,EQUITY_TRANSFER,2020年9月,2020-09,UNKNOWN,484495,DISCLOSED_COMPLETE,SHARE,,NOT_DISCLOSED,,NOT_DISCLOSED,2499.99,,CNY,万元,DISCLOSED_COMPLETE,,NOT_CALCULABLE,TRANSFER_ENTRY,DISCLOSED,,,CE-013-E03,FINAL_APPROVED
TRX-301563-TR-LOT-013,CE-013-02,SHARE_TRANSFER_LOT,EQUITY_TRANSFER,2020年9月,2020-09,UNKNOWN,116280,DISCLOSED_COMPLETE,SHARE,,NOT_DISCLOSED,,NOT_DISCLOSED,600,,CNY,万元,DISCLOSED_COMPLETE,,NOT_CALCULABLE,TRANSFER_ENTRY,DISCLOSED,,,CE-013-E03,FINAL_APPROVED
TRX-301563-TR-LOT-014,CE-013-02,SHARE_TRANSFER_LOT,EQUITY_TRANSFER,2020年9月,2020-09,UNKNOWN,85000,DISCLOSED_COMPLETE,SHARE,,NOT_DISCLOSED,,NOT_DISCLOSED,438.6,,CNY,万元,DISCLOSED_COMPLETE,,NOT_CALCULABLE,TRANSFER_ENTRY,DISCLOSED,,,CE-013-E03,FINAL_APPROVED
TRX-301563-TR-LOT-015,CE-013-02,SHARE_TRANSFER_LOT,EQUITY_TRANSFER,2020年9月,2020-09,UNKNOWN,85000,DISCLOSED_COMPLETE,SHARE,,NOT_DISCLOSED,,NOT_DISCLOSED,438.6,,CNY,万元,DISCLOSED_COMPLETE,,NOT_CALCULABLE,TRANSFER_ENTRY,DISCLOSED,,,CE-013-E03,FINAL_APPROVED
TRX-301563-TR-LOT-016,CE-013-02,SHARE_TRANSFER_LOT,EQUITY_TRANSFER,2020年9月,2020-09,UNKNOWN,85000,DISCLOSED_COMPLETE,SHARE,,NOT_DISCLOSED,,NOT_DISCLOSED,438.6,,CNY,万元,DISCLOSED_COMPLETE,,NOT_CALCULABLE,TRANSFER_ENTRY,DISCLOSED,,,CE-013-E03,FINAL_APPROVED
TRX-301563-TR-LOT-017,CE-013-02,SHARE_TRANSFER_LOT,EQUITY_TRANSFER,2020年9月,2020-09,UNKNOWN,38760,DISCLOSED_COMPLETE,SHARE,,NOT_DISCLOSED,,NOT_DISCLOSED,200,,CNY,万元,DISCLOSED_COMPLETE,,NOT_CALCULABLE,TRANSFER_ENTRY,DISCLOSED,,,CE-013-E03,FINAL_APPROVED
TRX-301563-TR-LOT-018,CE-013-02,SHARE_TRANSFER_LOT,EQUITY_TRANSFER,2020年9月,2020-09,UNKNOWN,85000,DISCLOSED_COMPLETE,SHARE,,NOT_DISCLOSED,,NOT_DISCLOSED,438.6,,CNY,万元,DISCLOSED_COMPLETE,,NOT_CALCULABLE,TRANSFER_ENTRY,DISCLOSED,,,CE-013-E03,FINAL_APPROVED
TRX-301563-TR-LOT-019,CE-013-02,SHARE_TRANSFER_LOT,EQUITY_TRANSFER,2020年9月,2020-09,UNKNOWN,50000,DISCLOSED_COMPLETE,SHARE,,NOT_DISCLOSED,,NOT_DISCLOSED,258,,CNY,万元,DISCLOSED_COMPLETE,,NOT_CALCULABLE,TRANSFER_ENTRY,DISCLOSED,,,CE-013-E03,FINAL_APPROVED
TRX-301563-TR-LOT-020,CE-013-02,SHARE_TRANSFER_LOT,EQUITY_TRANSFER,2020年9月,2020-09,UNKNOWN,150000,DISCLOSED_COMPLETE,SHARE,,NOT_DISCLOSED,,NOT_DISCLOSED,774,,CNY,万元,DISCLOSED_COMPLETE,,NOT_CALCULABLE,TRANSFER_ENTRY,DISCLOSED,,,CE-013-E03,FINAL_APPROVED
TRX-301606-0001,EVT-301606-0001,ESTABLISHMENT,ESTABLISHMENT,2012-03,2012-03,RESOLUTION,,NOT_APPLICABLE,,,NOT_APPLICABLE,,NOT_APPLICABLE,,,,,NOT_APPLICABLE,,NOT_APPLICABLE,ESTABLISHMENT_ENTRY,,,,EVD-301606-0001,FINAL_APPROVED
TRX-301606-0002,EVT-301606-0002,CAPITAL_INCREASE,CAPITAL_INCREASE,2017-10,2017-10,RESOLUTION,900,DISCLOSED_COMPLETE,10K_CNY_REGISTERED_CAPITAL,,NOT_APPLICABLE,,NOT_APPLICABLE,900,900.000000万元,CNY,万元,DISCLOSED_COMPLETE,1,DISCLOSED_COMPLETE,CAPITAL_INCREASE_ENTRY,CALCULATED,630+270,两名股东货币出资630万元、270万元,EVD-301606-0002,FINAL_APPROVED
TRX-301606-0003,EVT-301606-0003,CAPITAL_INCREASE,CAPITAL_INCREASE,2018-12,2018-12,RESOLUTION,270.569999,DISCLOSED_COMPLETE,10K_CNY_REGISTERED_CAPITAL,,NOT_APPLICABLE,,NOT_APPLICABLE,270.569999,270.569999万元,CNY,万元,DISCLOSED_COMPLETE,1,DISCLOSED_COMPLETE,CAPITAL_INCREASE_ENTRY,CALCULATED,67.278799+203.291200,张清森与绿联咨询新增注册资本,EVD-301606-0003,FINAL_APPROVED
TRX-301606-0004,EVT-301606-0004,CAPITAL_INCREASE,CAPITAL_INCREASE,2020-07,2020-07,RESOLUTION,66.872105,DISCLOSED_COMPLETE,10K_CNY_REGISTERED_CAPITAL,,NOT_APPLICABLE,,NOT_APPLICABLE,1000,"1,000.000000万元",CNY,万元,DISCLOSED_COMPLETE,,NOT_DISCLOSED,CAPITAL_INCREASE_ENTRY,DISCLOSED,,,EVD-301606-0004,FINAL_APPROVED
TRX-301606-0005,EVT-301606-0005,EQUITY_TRANSFER,EQUITY_TRANSFER,2021-05-06,2021-05-06,COMPLETION,49.523108,DISCLOSED_COMPLETE,10K_CNY_REGISTERED_CAPITAL,,NOT_APPLICABLE,0.037028,DISCLOSED_COMPLETE,20000,"20,000.000000万元",CNY,万元,DISCLOSED_COMPLETE,403.85,DISCLOSED_COMPLETE,TRANSFER_ENTRY,DISCLOSED,,,EVD-301606-0005,FINAL_APPROVED
TRX-301606-0006,EVT-301606-0005,EQUITY_TRANSFER,EQUITY_TRANSFER,2021-05-06,2021-05-06,COMPLETION,24.779826,DISCLOSED_COMPLETE,10K_CNY_REGISTERED_CAPITAL,0.037028,DISCLOSED_COMPLETE,0.055556,DISCLOSED_COMPLETE,10000,"10,000.000000万元",CNY,万元,DISCLOSED_COMPLETE,403.55,DISCLOSED_COMPLETE,TRANSFER_ENTRY,DISCLOSED,,,EVD-301606-0005,FINAL_APPROVED
TRX-301606-0007,EVT-301606-0006,OVERALL_CHANGE,OVERALL_CHANGE,2021-06,2021-06,RESOLUTION,,NOT_APPLICABLE,,,NOT_APPLICABLE,,NOT_APPLICABLE,,,,,NOT_APPLICABLE,,NOT_APPLICABLE,NOT_APPLICABLE,,,,EVD-301606-0006,FINAL_APPROVED
TRX-301606-0008,EVT-301606-0007,DIRECTIONAL_ISSUANCE,DIRECTIONAL_ISSUANCE,2021-06-17,2021-06-17,RESOLUTION,338.5226,DISCLOSED_COMPLETE,10K_SHARE,,NOT_APPLICABLE,,NOT_APPLICABLE,668,668.000000万元,CNY,万元,DISCLOSED_COMPLETE,1.973,DISCLOSED_COMPLETE,DIRECTIONAL_ISSUANCE_ENTRY,DISCLOSED,,,EVD-301606-0007,FINAL_APPROVED
TRX-301606-0009,EVT-301606-0008,DIRECTIONAL_ISSUANCE,DIRECTIONAL_ISSUANCE,2021-06-25,2021-06-25,RESOLUTION,1333.6064,DISCLOSED_COMPLETE,10K_SHARE,,NOT_APPLICABLE,,NOT_APPLICABLE,30000,"30,000.000000万元",CNY,万元,DISCLOSED_COMPLETE,22.4954,DISCLOSED_COMPLETE,DIRECTIONAL_ISSUANCE_ENTRY,DISCLOSED,,,EVD-301606-0008,FINAL_APPROVED
TRX-301606-0010,EVT-301606-0009,SHARE_CAPITAL_CHANGE,SHARE_CAPITAL_CHANGE,2021-07,2021-07,RESOLUTION,10668.8516,DISCLOSED_COMPLETE,10K_SHARE,,NOT_APPLICABLE,,NOT_APPLICABLE,,,,,NOT_APPLICABLE,,NOT_APPLICABLE,NOT_APPLICABLE,,,,EVD-301606-0009,FINAL_APPROVED
TRX-688726-0001,EVT-688726-EST,ESTABLISHMENT,ESTABLISHMENT,2016-05,2016-05,RESOLUTION,,NOT_APPLICABLE,,,NOT_APPLICABLE,,NOT_APPLICABLE,,,,,NOT_APPLICABLE,,NOT_DISCLOSED,ESTABLISHMENT_ENTRY,,,,EVD-688726-0000,FINAL_APPROVED
TRX-688726-0002,EVT-688726-0001,CAPITAL_INCREASE,CAPITAL_INCREASE,2020-04,2020-04,RESOLUTION,284.6894,DISCLOSED_COMPLETE,10K_CNY_REGISTERED_CAPITAL,,NOT_APPLICABLE,,NOT_APPLICABLE,5000.0,"5,000.0000万元",CNY,万元,DISCLOSED_COMPLETE,,NOT_DISCLOSED,CAPITAL_INCREASE_ENTRY,DISCLOSED,,,EVD-688726-0001,FINAL_APPROVED
TRX-688726-0003,EVT-688726-0002,EQUITY_TRANSFER,EQUITY_TRANSFER,2020-10,2020-10,COMPLETION,,NOT_APPLICABLE,,,NOT_APPLICABLE,0.0162,DISCLOSED_COMPLETE,500,500.0000万元,CNY,万元,DISCLOSED_COMPLETE,,NOT_DISCLOSED,TRANSFER_ENTRY,DISCLOSED,,,EVD-688726-0002,FINAL_APPROVED
TRX-688726-0004,EVT-688726-0003,CAPITAL_INCREASE,CAPITAL_INCREASE,2020-11,2020-11,RESOLUTION,178.9479,DISCLOSED_COMPLETE,10K_CNY_REGISTERED_CAPITAL,,NOT_APPLICABLE,,NOT_APPLICABLE,5500,"5,500.0000万元",CNY,万元,DISCLOSED_COMPLETE,,NOT_DISCLOSED,CAPITAL_INCREASE_ENTRY,CALCULATED,,,EVD-688726-0003,FINAL_APPROVED
TRX-688726-0005,EVT-688726-0004,CAPITAL_INCREASE,CAPITAL_INCREASE,2020-12,2020-12,RESOLUTION,110.2607,DISCLOSED_COMPLETE,10K_CNY_REGISTERED_CAPITAL,,NOT_APPLICABLE,,NOT_APPLICABLE,1355.1046000000001,"1,355.1046万元",CNY,万元,DISCLOSED_COMPLETE,,NOT_DISCLOSED,CAPITAL_INCREASE_ENTRY,CALCULATED,,,EVD-688726-0004,FINAL_APPROVED
TRX-688726-0006,EVT-688726-0005,EQUITY_TRANSFER,EQUITY_TRANSFER,2021-06,2021-06,COMPLETION,,NOT_APPLICABLE,,,NOT_APPLICABLE,0.0071,DISCLOSED_COMPLETE,240,240.0000万元,CNY,万元,DISCLOSED_COMPLETE,,NOT_DISCLOSED,TRANSFER_ENTRY,DISCLOSED,,,EVD-688726-0005,FINAL_APPROVED
TRX-688726-0007,EVT-688726-0005,EQUITY_TRANSFER,EQUITY_TRANSFER,2021-06,2021-06,COMPLETION,,NOT_APPLICABLE,,,NOT_APPLICABLE,0.004,DISCLOSED_COMPLETE,135,135.0000万元,CNY,万元,DISCLOSED_COMPLETE,,NOT_DISCLOSED,TRANSFER_ENTRY,DISCLOSED,,,EVD-688726-0005,FINAL_APPROVED
TRX-688726-0008,EVT-688726-0005,EQUITY_TRANSFER,EQUITY_TRANSFER,2021-06,2021-06,COMPLETION,,NOT_APPLICABLE,,,NOT_APPLICABLE,0.004,DISCLOSED_COMPLETE,135,135.0000万元,CNY,万元,DISCLOSED_COMPLETE,,NOT_DISCLOSED,TRANSFER_ENTRY,DISCLOSED,,,EVD-688726-0005,FINAL_APPROVED
TRX-688726-0009,EVT-688726-0005,EQUITY_TRANSFER,EQUITY_TRANSFER,2021-06,2021-06,COMPLETION,,NOT_APPLICABLE,,,NOT_APPLICABLE,0.0031,DISCLOSED_COMPLETE,105,105.0000万元,CNY,万元,DISCLOSED_COMPLETE,,NOT_DISCLOSED,TRANSFER_ENTRY,DISCLOSED,,,EVD-688726-0005,FINAL_APPROVED
TRX-688726-0010,EVT-688726-0005,EQUITY_TRANSFER,EQUITY_TRANSFER,2021-06,2021-06,COMPLETION,,NOT_APPLICABLE,,,NOT_APPLICABLE,0.0031,DISCLOSED_COMPLETE,105,105.0000万元,CNY,万元,DISCLOSED_COMPLETE,,NOT_DISCLOSED,TRANSFER_ENTRY,DISCLOSED,,,EVD-688726-0005,FINAL_APPROVED
TRX-688726-0011,EVT-688726-0005,EQUITY_TRANSFER,EQUITY_TRANSFER,2021-06,2021-06,COMPLETION,,NOT_APPLICABLE,,,NOT_APPLICABLE,0.0127,DISCLOSED_COMPLETE,432,432.0000万元,CNY,万元,DISCLOSED_COMPLETE,,NOT_DISCLOSED,TRANSFER_ENTRY,DISCLOSED,,,EVD-688726-0005,FINAL_APPROVED
TRX-688726-0012,EVT-688726-0006,CAPITAL_INCREASE,CAPITAL_INCREASE,2021-09,2021-09,RESOLUTION,202.1448,DISCLOSED_COMPLETE,10K_CNY_REGISTERED_CAPITAL,,NOT_APPLICABLE,,NOT_APPLICABLE,33000,"33,000.0000万元",CNY,万元,DISCLOSED_COMPLETE,,NOT_DISCLOSED,CAPITAL_INCREASE_ENTRY,CALCULATED,,,EVD-688726-0006,FINAL_APPROVED
TRX-688726-0013,EVT-688726-0007,EQUITY_TRANSFER,EQUITY_TRANSFER,2021-10,2021-10,COMPLETION,,NOT_APPLICABLE,,,NOT_APPLICABLE,0.0094,DISCLOSED_COMPLETE,2000,"2,000.0000万元",CNY,万元,DISCLOSED_COMPLETE,,NOT_DISCLOSED,TRANSFER_ENTRY,DISCLOSED,,,EVD-688726-0007,FINAL_APPROVED
TRX-688726-0014,EVT-688726-0007,EQUITY_TRANSFER,EQUITY_TRANSFER,2021-10,2021-10,COMPLETION,,NOT_APPLICABLE,,,NOT_APPLICABLE,0.0038,DISCLOSED_COMPLETE,800,800.0000万元,CNY,万元,DISCLOSED_COMPLETE,,NOT_DISCLOSED,TRANSFER_ENTRY,DISCLOSED,,,EVD-688726-0007,FINAL_APPROVED
TRX-688726-0015,EVT-688726-0007,EQUITY_TRANSFER,EQUITY_TRANSFER,2021-10,2021-10,COMPLETION,,NOT_APPLICABLE,,,NOT_APPLICABLE,0.0028,DISCLOSED_COMPLETE,600,600.0000万元,CNY,万元,DISCLOSED_COMPLETE,,NOT_DISCLOSED,TRANSFER_ENTRY,DISCLOSED,,,EVD-688726-0007,FINAL_APPROVED
TRX-688726-0016,EVT-688726-0007,EQUITY_TRANSFER,EQUITY_TRANSFER,2021-10,2021-10,COMPLETION,,NOT_APPLICABLE,,,NOT_APPLICABLE,0.0052,DISCLOSED_COMPLETE,1100,"1,100.0000万元",CNY,万元,DISCLOSED_COMPLETE,,NOT_DISCLOSED,TRANSFER_ENTRY,DISCLOSED,,,EVD-688726-0007,FINAL_APPROVED
TRX-688726-0017,EVT-688726-0008,EQUITY_TRANSFER,EQUITY_TRANSFER,2021-12,2021-12,COMPLETION,,NOT_APPLICABLE,,,NOT_APPLICABLE,0.0069,DISCLOSED_COMPLETE,0.0001,0.0001万元,CNY,万元,DISCLOSED_COMPLETE,,NOT_DISCLOSED,TRANSFER_ENTRY,DISCLOSED,,,EVD-688726-0008,FINAL_APPROVED
TRX-688726-0018,EVT-688726-0008,EQUITY_TRANSFER,EQUITY_TRANSFER,2021-12,2021-12,COMPLETION,,NOT_APPLICABLE,,,NOT_APPLICABLE,0.0031,DISCLOSED_COMPLETE,0.0001,0.0001万元,CNY,万元,DISCLOSED_COMPLETE,,NOT_DISCLOSED,TRANSFER_ENTRY,DISCLOSED,,,EVD-688726-0008,FINAL_APPROVED
TRX-688726-0019,EVT-688726-0009,CAPITAL_INCREASE,CAPITAL_INCREASE,2021-12,2021-12,RESOLUTION,79.6328,DISCLOSED_COMPLETE,10K_CNY_REGISTERED_CAPITAL,,NOT_APPLICABLE,,NOT_APPLICABLE,13000,"13,000.0000万元",CNY,万元,DISCLOSED_COMPLETE,,NOT_DISCLOSED,CAPITAL_INCREASE_ENTRY,CALCULATED,,,EVD-688726-0009,FINAL_APPROVED
TRX-688726-0020,EVT-688726-0010,EQUITY_TRANSFER,EQUITY_TRANSFER,2022-04,2022-04,COMPLETION,,NOT_APPLICABLE,,,NOT_APPLICABLE,0.0066,DISCLOSED_COMPLETE,1500,"1,500.0000万元",CNY,万元,DISCLOSED_COMPLETE,,NOT_DISCLOSED,TRANSFER_ENTRY,DISCLOSED,,,EVD-688726-0010,FINAL_APPROVED
TRX-688726-0021,EVT-688726-0010,EQUITY_TRANSFER,EQUITY_TRANSFER,2022-04,2022-04,COMPLETION,,NOT_APPLICABLE,,,NOT_APPLICABLE,0.0142,DISCLOSED_COMPLETE,3200,"3,200.0000万元",CNY,万元,DISCLOSED_COMPLETE,,NOT_DISCLOSED,TRANSFER_ENTRY,DISCLOSED,,,EVD-688726-0010,FINAL_APPROVED
TRX-688726-0022,EVT-688726-0010,EQUITY_TRANSFER,EQUITY_TRANSFER,2022-04,2022-04,COMPLETION,,NOT_APPLICABLE,,,NOT_APPLICABLE,0.0146,DISCLOSED_COMPLETE,3300,"3,300.0000万元",CNY,万元,DISCLOSED_COMPLETE,,NOT_DISCLOSED,TRANSFER_ENTRY,DISCLOSED,,,EVD-688726-0010,FINAL_APPROVED
TRX-688726-0023,EVT-688726-0011,EQUITY_TRANSFER,EQUITY_TRANSFER,2022-05,2022-05,COMPLETION,,NOT_APPLICABLE,,,NOT_APPLICABLE,0.0044,DISCLOSED_COMPLETE,1000,"1,000.0000万元",CNY,万元,DISCLOSED_COMPLETE,,NOT_DISCLOSED,TRANSFER_ENTRY,DISCLOSED,,,EVD-688726-0011,FINAL_APPROVED
TRX-688726-0024,EVT-688726-0011,EQUITY_TRANSFER,EQUITY_TRANSFER,2022-05,2022-05,COMPLETION,,NOT_APPLICABLE,,,NOT_APPLICABLE,0.0058,DISCLOSED_COMPLETE,1300,"1,300.0000万元",CNY,万元,DISCLOSED_COMPLETE,,NOT_DISCLOSED,TRANSFER_ENTRY,DISCLOSED,,,EVD-688726-0011,FINAL_APPROVED
TRX-688726-0025,EVT-688726-0012,EQUITY_TRANSFER,EQUITY_TRANSFER,2022-05,2022-05,COMPLETION,,NOT_APPLICABLE,,,NOT_APPLICABLE,0.0025,DISCLOSED_COMPLETE,105,105.0000万元,CNY,万元,DISCLOSED_COMPLETE,,NOT_DISCLOSED,TRANSFER_ENTRY,DISCLOSED,,,EVD-688726-0012,FINAL_APPROVED
TRX-688726-0026,EVT-688726-0012,EQUITY_TRANSFER,EQUITY_TRANSFER,2022-05,2022-05,COMPLETION,,NOT_APPLICABLE,,,NOT_APPLICABLE,0.0025,DISCLOSED_COMPLETE,105,105.0000万元,CNY,万元,DISCLOSED_COMPLETE,,NOT_DISCLOSED,TRANSFER_ENTRY,DISCLOSED,,,EVD-688726-0012,FINAL_APPROVED
TRX-688726-0027,EVT-688726-0012,EQUITY_TRANSFER,EQUITY_TRANSFER,2022-05,2022-05,COMPLETION,,NOT_APPLICABLE,,,NOT_APPLICABLE,0.0025,DISCLOSED_COMPLETE,105,105.0000万元,CNY,万元,DISCLOSED_COMPLETE,,NOT_DISCLOSED,TRANSFER_ENTRY,DISCLOSED,,,EVD-688726-0012,FINAL_APPROVED
TRX-688726-0028,EVT-688726-0012,EQUITY_TRANSFER,EQUITY_TRANSFER,2022-05,2022-05,COMPLETION,,NOT_APPLICABLE,,,NOT_APPLICABLE,0.0021,DISCLOSED_COMPLETE,90,90.0000万元,CNY,万元,DISCLOSED_COMPLETE,,NOT_DISCLOSED,TRANSFER_ENTRY,DISCLOSED,,,EVD-688726-0012,FINAL_APPROVED
TRX-688726-0029,EVT-688726-0012,EQUITY_TRANSFER,EQUITY_TRANSFER,2022-05,2022-05,COMPLETION,,NOT_APPLICABLE,,,NOT_APPLICABLE,0.0074,DISCLOSED_COMPLETE,315,315.0000万元,CNY,万元,DISCLOSED_COMPLETE,,NOT_DISCLOSED,TRANSFER_ENTRY,DISCLOSED,,,EVD-688726-0012,FINAL_APPROVED
TRX-688726-0030,EVT-688726-0012,EQUITY_TRANSFER,EQUITY_TRANSFER,2022-05,2022-05,COMPLETION,,NOT_APPLICABLE,,,NOT_APPLICABLE,0.0101,DISCLOSED_COMPLETE,432,432.0000万元,CNY,万元,DISCLOSED_COMPLETE,,NOT_DISCLOSED,TRANSFER_ENTRY,DISCLOSED,,,EVD-688726-0012,FINAL_APPROVED
TRX-688726-0031,EVT-688726-0012,CAPITAL_INCREASE,CAPITAL_INCREASE,2022-05,2022-05,RESOLUTION,6.1256,DISCLOSED_COMPLETE,10K_CNY_REGISTERED_CAPITAL,,NOT_APPLICABLE,,NOT_APPLICABLE,1000,"1,000.0000万元",CNY,万元,DISCLOSED_COMPLETE,,NOT_DISCLOSED,CAPITAL_INCREASE_ENTRY,DISCLOSED,,,EVD-688726-0012,FINAL_APPROVED
TRX-688726-0032,EVT-688726-0013,CAPITAL_INCREASE,CAPITAL_INCREASE,2022-07,2022-07,RESOLUTION,32.2598,DISCLOSED_COMPLETE,10K_CNY_REGISTERED_CAPITAL,,NOT_APPLICABLE,,NOT_APPLICABLE,11600,"11,600.0000万元",CNY,万元,DISCLOSED_COMPLETE,,NOT_DISCLOSED,CAPITAL_INCREASE_ENTRY,CALCULATED,,,EVD-688726-0013,FINAL_APPROVED
TRX-688726-0033,EVT-688726-0014,CAPITAL_INCREASE,CAPITAL_INCREASE,2022-07,2022-07,RESOLUTION,44.2183,DISCLOSED_COMPLETE,10K_CNY_REGISTERED_CAPITAL,,NOT_APPLICABLE,,NOT_APPLICABLE,15900,"15,900.0000万元",CNY,万元,DISCLOSED_COMPLETE,,NOT_DISCLOSED,CAPITAL_INCREASE_ENTRY,CALCULATED,,,EVD-688726-0014,FINAL_APPROVED
TRX-688726-0034,EVT-688726-0015,EQUITY_TRANSFER,EQUITY_TRANSFER,2022-08,2022-08,COMPLETION,,NOT_APPLICABLE,,,NOT_APPLICABLE,0.0095,DISCLOSED_COMPLETE,5000,"5,000.0000万元",CNY,万元,DISCLOSED_COMPLETE,,NOT_DISCLOSED,TRANSFER_ENTRY,DISCLOSED,,,EVD-688726-0015,FINAL_APPROVED
TRX-688726-0035,EVT-688726-0015,EQUITY_TRANSFER,EQUITY_TRANSFER,2022-08,2022-08,COMPLETION,,NOT_APPLICABLE,,,NOT_APPLICABLE,0.0072,DISCLOSED_COMPLETE,3782.1009,"3,782.1009万元",CNY,万元,DISCLOSED_COMPLETE,,NOT_DISCLOSED,TRANSFER_ENTRY,DISCLOSED,,,EVD-688726-0015,FINAL_APPROVED
TRX-688726-0036,EVT-688726-0015,EQUITY_TRANSFER,EQUITY_TRANSFER,2022-08,2022-08,COMPLETION,,NOT_APPLICABLE,,,NOT_APPLICABLE,0.0038,DISCLOSED_COMPLETE,2000,"2,000.0000万元",CNY,万元,DISCLOSED_COMPLETE,,NOT_DISCLOSED,TRANSFER_ENTRY,DISCLOSED,,,EVD-688726-0015,FINAL_APPROVED
TRX-688726-0037,EVT-688726-0015,EQUITY_TRANSFER,EQUITY_TRANSFER,2022-08,2022-08,COMPLETION,,NOT_APPLICABLE,,,NOT_APPLICABLE,0.0011,DISCLOSED_COMPLETE,597.5145,597.5145万元,CNY,万元,DISCLOSED_COMPLETE,,NOT_DISCLOSED,TRANSFER_ENTRY,DISCLOSED,,,EVD-688726-0015,FINAL_APPROVED
TRX-688726-0038,EVT-688726-0015,EQUITY_TRANSFER,EQUITY_TRANSFER,2022-08,2022-08,COMPLETION,,NOT_APPLICABLE,,,NOT_APPLICABLE,0.0161,DISCLOSED_COMPLETE,8493.8973,"8,493.8973万元",CNY,万元,DISCLOSED_COMPLETE,,NOT_DISCLOSED,TRANSFER_ENTRY,DISCLOSED,,,EVD-688726-0015,FINAL_APPROVED
TRX-688726-0039,EVT-688726-0016,CAPITAL_INCREASE,CAPITAL_INCREASE,2022-08,2022-08,RESOLUTION,51.1708,DISCLOSED_COMPLETE,10K_CNY_REGISTERED_CAPITAL,,NOT_APPLICABLE,,NOT_APPLICABLE,9200,"9,200.0000万元",CNY,万元,DISCLOSED_COMPLETE,,NOT_DISCLOSED,CAPITAL_INCREASE_ENTRY,DISCLOSED,,,EVD-688726-0016,FINAL_APPROVED
TRX-688726-0040,EVT-688726-0017,EQUITY_TRANSFER,EQUITY_TRANSFER,2022-11,2022-11,COMPLETION,,NOT_APPLICABLE,,,NOT_APPLICABLE,0.0039,DISCLOSED_COMPLETE,2430.3087,"2,430.3087万元",CNY,万元,DISCLOSED_COMPLETE,,NOT_DISCLOSED,TRANSFER_ENTRY,DISCLOSED,,,EVD-688726-0017,FINAL_APPROVED
TRX-688726-0041,EVT-688726-0017,EQUITY_TRANSFER,EQUITY_TRANSFER,2022-11,2022-11,COMPLETION,,NOT_APPLICABLE,,,NOT_APPLICABLE,0.0048,DISCLOSED_COMPLETE,3050.3663,"3,050.3663万元",CNY,万元,DISCLOSED_COMPLETE,,NOT_DISCLOSED,TRANSFER_ENTRY,DISCLOSED,,,EVD-688726-0017,FINAL_APPROVED
TRX-688726-0042,EVT-688726-0017,EQUITY_TRANSFER,EQUITY_TRANSFER,2022-11,2022-11,COMPLETION,,NOT_APPLICABLE,,,NOT_APPLICABLE,0.0024,DISCLOSED_COMPLETE,1525.2039,"1,525.2039万元",CNY,万元,DISCLOSED_COMPLETE,,NOT_DISCLOSED,TRANSFER_ENTRY,DISCLOSED,,,EVD-688726-0017,FINAL_APPROVED
TRX-688726-0043,EVT-688726-0018,CAPITAL_INCREASE,CAPITAL_INCREASE,2022-12,2022-12,RESOLUTION,147.2615,DISCLOSED_COMPLETE,10K_SHARE,,NOT_APPLICABLE,,NOT_APPLICABLE,67900,"67,900.0000万元",CNY,万元,DISCLOSED_COMPLETE,,NOT_DISCLOSED,CAPITAL_INCREASE_ENTRY,CALCULATED,,,EVD-688726-0018,FINAL_APPROVED
TRX-688726-0044,EVT-688726-0020,CAPITAL_INCREASE,CAPITAL_INCREASE,2022-12,2022-12,RESOLUTION,479.357,DISCLOSED_COMPLETE,10K_SHARE,,NOT_APPLICABLE,,NOT_APPLICABLE,3987,"3,987.0000万元",CNY,万元,DISCLOSED_COMPLETE,,NOT_DISCLOSED,CAPITAL_INCREASE_ENTRY,DISCLOSED,,,EVD-688726-0020,FINAL_APPROVED
TRX-688726-0045,EVT-688726-OC,OVERALL_CHANGE,OVERALL_CHANGE,2022-11,2022-11,RESOLUTION,,NOT_APPLICABLE,,,NOT_APPLICABLE,,NOT_APPLICABLE,,,,,NOT_APPLICABLE,,NOT_DISCLOSED,NOT_APPLICABLE,,,,EVD-688726-0098,FINAL_APPROVED
TRX-688726-0046,EVT-688726-0019,SHARE_CAPITAL_CHANGE,SHARE_CAPITAL_CHANGE,2022-12,2022-12,RESOLUTION,34334.5795,DISCLOSED_COMPLETE,10K_SHARE,,NOT_APPLICABLE,,NOT_APPLICABLE,,,,,NOT_APPLICABLE,,NOT_DISCLOSED,NOT_APPLICABLE,,,,EVD-688726-0019,FINAL_APPROVED
